query T
select charindex('an', 'banana', 1)
----
2

query T
select charindex('an', 'banana', 3)
----
4

query T
SELECT CHARINDEX(TO_BINARY('EF', 'HEX'), TO_BINARY('ABCDEF', 'HEX'))
----
3

query T
SELECT CHARINDEX(TO_BINARY('BC', 'HEX'), TO_BINARY('ABCD', 'HEX'))
----
0

