query T
SELECT CONCAT_WS(',', 'one', 'two', 'three')
----
one,two,three

query T
SELECT CONCAT_WS(',', 'one')
----
one

