query T
SELECT INSERT('abc', 1, 2, 'Z') as STR
----
Zc

query T
SELECT INSERT('abcdef', 3, 2, 'zzz') as STR
----
abzzzef

query T
SELECT INSERT('abc', 2, 1, '') as STR
----
ac

query T
SELECT INSERT('abc', 4, 0, 'Z') as STR
----
abcZ

query T
SELECT INSERT(NULL, 1, 2, 'Z') as STR
----
NULL

query T
SELECT INSERT('abc', NULL, 2, 'Z') as STR
----
NULL

query T
SELECT INSERT('abc', 1, NULL, 'Z') as STR
----
NULL

query T
SELECT INSERT('abc', 1, 2, NULL) as STR
----
NULL

