query T
SELECT LEFT('ABCDEF', 3)
----
ABC

exclude-from-coverage
statement ok
CREATE OR REPLACE TABLE customer_contact_example (
    cust_id INT,
    cust_email VARCHAR,
    cust_phone VARCHAR,
    activation_date VARCHAR)
  AS SELECT
    column1,
    column2,
    column3,
    column4
  FROM
    VALUES
      (1, 'some_text@example.com', '800-555-0100', '20210320'),
      (2, 'some_other_text@example.org', '800-555-0101', '20240509'),
      (3, 'some_different_text@example.net', '800-555-0102', '20191017');

query TTT
SELECT cust_id,
       cust_email,
       LEFT(cust_email, POSITION('@' IN cust_email) - 1) AS username
  FROM customer_contact_example
----
1	some_text@example.com	some_text
2	some_other_text@example.org	some_other_text
3	some_different_text@example.net	some_different_text

query TTT
SELECT cust_id,
       cust_phone,
       LEFT(cust_phone, 3) AS area_code
  FROM customer_contact_example
----
1	800-555-0100	800
2	800-555-0101	800
3	800-555-0102	800

query TTT
SELECT cust_id,
       activation_date,
       LEFT(activation_date, 4) AS year
  FROM customer_contact_example
----
1	20210320	2021
2	20240509	2024
3	20191017	2019

