exclude-from-coverage
statement ok
CREATE OR REPLACE TABLE like_all_example(name VARCHAR(20));

exclude-from-coverage
statement ok
INSERT INTO like_all_example VALUES
    ('John  Dddoe'),
    ('Joe   Doe'),
    ('John_do%wn'),
    ('Joe down'),
    ('Tom   Doe'),
    ('Tim down'),
    (null);

query T
SELECT * 
  FROM like_all_example 
  WHERE name LIKE ALL ('%Jo%oe%','J%e')
  ORDER BY name
----
Joe   Doe
John  Dddoe

query T
SELECT * 
  FROM like_all_example 
  WHERE name LIKE ALL ('%Jo%oe%','J%n')
  ORDER BY name
----


query T
SELECT * 
  FROM like_all_example 
  WHERE name LIKE ALL ('%J%h%^_do%', 'J%^%wn') ESCAPE '^'
  ORDER BY name
----
John_do%wn

