exclude-from-coverage
statement ok
CREATE OR REPLACE TABLE like_example(name VARCHAR(20));

exclude-from-coverage
statement ok
INSERT INTO like_example VALUES
    ('John  Dddoe'),
    ('Joe   Doe'),
    ('John_down'),
    ('Joe down'),
    ('Tom   Doe'),
    ('Tim down'),
    (null);

query T
SELECT * 
  FROM like_example 
  WHERE name LIKE ANY ('%Jo%oe%','T%e')
  ORDER BY name
----
Joe   Doe
John  Dddoe
Tom   Doe

query T
SELECT * 
  FROM like_example 
  WHERE name LIKE ANY ('%J%h%^_do%', 'T%^%e') ESCAPE '^'
  ORDER BY name
----
John_down

