query T
SELECT POSITION('an', 'banana', 1)
----
2

query T
SELECT POSITION('an', 'banana', 3)
----
4

query T
SELECT POSITION(HEX_ENCODE('EF'), HEX_ENCODE('ABCDEF'))
----
9

query T
SELECT POSITION(HEX_ENCODE('BC'), HEX_ENCODE('ABCD'))
----
3

