query T
SELECT REPLACE('down', 'down', 'up')
----
up

query T
SELECT REPLACE('Vacation in Athens', 'Athens', 'Rome')
----
Vacation in Rome

query T
SELECT REPLACE('abcd', 'bc')
----
ad

exclude-from-coverage
statement ok
CREATE OR REPLACE TABLE replace_example(
  subject VARCHAR(10),
  pattern VARCHAR(10),
  replacement VARCHAR(10));

exclude-from-coverage
statement ok
INSERT INTO replace_example VALUES
  ('old car', 'old car', 'new car'),
  ('sad face', 'sad', 'happy'),
  ('snowman', 'snow', 'fire');

query TTTT
SELECT subject,
       pattern,
       replacement,
       REPLACE(subject, pattern, replacement) AS new
  FROM replace_example
  ORDER BY subject
----
old car	old car	new car	new car
sad face	sad	happy	happy face
snowman	snow	fire	fireman

