exclude-from-coverage
statement ok
CREATE OR REPLACE TABLE mytable (
  col1 DATE,
  col2 TIMESTAMP,
  col3 TIMESTAMP
);

statement ok
INSERT INTO mytable
  SELECT TO_DATE('2013-05-08T23:39:20.123'), TO_TIMESTAMP('2013-05-08T23:39:20.123'), TO_TIMESTAMP('2013-05-08T23:39:20.123');

query TTT
SELECT * FROM mytable;
----
'2013-05-08'	'2013-05-08T23:39:20.123000'	'2013-05-08T23:39:20.123000'

statement ok
INSERT INTO mytable (col1, col3)
  SELECT TO_DATE('2013-05-08T23:39:20.123'), TO_TIMESTAMP('2013-05-08T23:39:20.123');

query TTT
SELECT * FROM mytable;
----
'2013-05-08'	'2013-05-08T23:39:20.123000'	'2013-05-08T23:39:20.123000'
'2013-05-08'	NULL	'2013-05-08T23:39:20.123000'

exclude-from-coverage
statement ok
CREATE OR REPLACE TABLE employees (
  first_name STRING,
  last_name STRING,
  workphone STRING,
  city STRING,
  postal_code INTEGER
);

query TTTTT
SELECT * FROM employees;
----

statement ok
INSERT INTO employees
  VALUES
  ('Lysandra','Reeves','1-212-759-3751','New York',10018),
  ('Michael','Arnett','1-650-230-8467','San Francisco',94116);

query TTTTT
SELECT * FROM employees;
----
Lysandra	Reeves	1-212-759-3751	New York	10018
Michael	Arnett	1-650-230-8467	San Francisco	94116

exclude-from-coverage
statement ok
CREATE OR REPLACE TABLE t1 (v VARCHAR);

statement ok
INSERT INTO t1 (v) VALUES
   ('three'),
   ('four');

statement error
INSERT INTO t1 (v) VALUES
   (3),
   ('d');
----
DML operation to table T1 failed on column V with error: Numeric value 'd' is not recognized

exclude-from-coverage
statement ok
CREATE OR REPLACE TABLE contractors (
  contractor_first STRING,
  contractor_last STRING,
  worknum STRING,
 city STRING,
 zip_code INTEGER
);

statement ok
INSERT INTO contractors (contractor_first, contractor_last, worknum, city, zip_code)
VALUES
  ('Alice', 'Johnson', '451', 'Chicago', 60616),
  ('Bob', 'Martinez', '782', 'Denver', 80204),
  ('Clara', 'Nguyen', '650', 'Austin', 73301);

query TTTTT
SELECT * FROM contractors;
----
Alice	Johnson	451	Chicago	60616
Bob	Martinez	782	Denver	80204
Clara	Nguyen	650	Austin	73301

statement ok
INSERT INTO employees(first_name, last_name, workphone, city,postal_code)
  SELECT
    contractor_first,contractor_last,worknum,NULL,zip_code
  FROM contractors
  WHERE CONTAINS(worknum,'650');

query TTTTT
SELECT * FROM employees;
----
Lysandra	Reeves	1-212-759-3751	New York	10018
Michael	Arnett	1-650-230-8467	San Francisco	94116
Clara	Nguyen	650	NULL	73301

statement ok
INSERT INTO employees (first_name,last_name,workphone,city,postal_code)
  WITH cte AS
    (SELECT contractor_first AS first_name,contractor_last AS last_name,worknum AS workphone,city AS city,zip_code AS postal_code
     FROM contractors)
  SELECT first_name,last_name,workphone,city,postal_code
  FROM cte;

exclude-from-coverage
statement ok
CREATE OR REPLACE TABLE emp_addr (
  id INTEGER,
  first_name STRING,
  last_name STRING,
  city STRING,
  postal_code INTEGER
);

exclude-from-coverage
statement ok
CREATE OR REPLACE TABLE emp_ph (
  id INTEGER,
  ph STRING
);

exclude-from-coverage
statement ok
CREATE OR REPLACE TABLE emp (
  id INTEGER,
  first_name STRING,
  last_name STRING,
  city STRING,
  postal_code INTEGER,
  ph STRING
);

statement ok
INSERT INTO emp (id,first_name,last_name,city,postal_code,ph)
  SELECT a.id,a.first_name,a.last_name,a.city,a.postal_code,b.ph
  FROM emp_addr a
  INNER JOIN emp_ph b ON a.id = b.id;

exclude-from-coverage
statement ok
CREATE OR REPLACE TABLE prospects (
  column1 VARIANT
);

statement ok
INSERT INTO prospects
  SELECT PARSE_JSON(column1)
  FROM VALUES
  ('{
    "_id": "57a37f7d9e2b478c2d8a608b",
    "name": {
      "first": "Lydia",
      "last": "Williamson"
    },
    "company": "Miralinz",
    "email": "lydia.williamson@miralinz.info",
    "phone": "+1 (914) 486-2525",
    "address": "268 Havens Place, Dunbar, Rhode Island, 7725"
  }')
  , ('{
    "_id": "57a37f7d622a2b1f90698c01",
    "name": {
      "first": "Denise",
      "last": "Holloway"
    },
    "company": "DIGIGEN",
    "email": "denise.holloway@digigen.net",
    "phone": "+1 (979) 587-3021",
    "address": "441 Dover Street, Ada, New Mexico, 5922"
  }');

query TTTTT
SELECT * FROM employees
----
Lysandra	Reeves	1-212-759-3751	New York	10018
Michael	Arnett	1-650-230-8467	San Francisco	94116
Clara	Nguyen	650	NULL	73301
Alice	Johnson	451	Chicago	60616
Bob	Martinez	782	Denver	80204
Clara	Nguyen	650	Austin	73301

exclude-from-coverage
statement ok
CREATE OR REPLACE TABLE sf_employees AS
SELECT * FROM employees
  WHERE city = 'San Francisco';

statement ok
INSERT OVERWRITE INTO sf_employees
  SELECT * FROM employees
  WHERE city = 'San Francisco';

query TTTTT
SELECT * FROM sf_employees
----
Michael	Arnett	1-650-230-8467	San Francisco	94116

