query T
SELECT TRY_CAST('05-Mar-2016' AS TIMESTAMP)
----
'2016-03-05T00:00:00'

query T
SELECT TRY_CAST('05/16' AS TIMESTAMP)
----
NULL

query T
SELECT TRY_CAST('ABCD' AS CHAR(2))
----
NULL

query T
SELECT TRY_CAST('ABCD' AS VARCHAR(10))
----
ABCD

