exclude-from-coverage
statement ok
CREATE OR REPLACE TABLE basic_example (i_col INTEGER, j_col INTEGER);

exclude-from-coverage
statement ok
INSERT INTO basic_example VALUES
    (11,101), (11,102), (11,NULL), (12,101), (NULL,101), (NULL,102);

query TTTTTTT
SELECT COUNT(*) AS "All",
       COUNT(i_col ILIKE 'i_c%') AS "ILIKE",
       COUNT(i_col) AS "EXCLUDE",
       COUNT(i_col) AS "i_col", 
       COUNT(DISTINCT i_col) AS "DISTINCT i_col", 
       COUNT(j_col) AS "j_col", 
       COUNT(DISTINCT j_col) AS "DISTINCT j_col"
  FROM basic_example
----
6	4	4	4	2	5	2

query TTT
SELECT i_col, COUNT(*), COUNT(j_col)
    FROM basic_example
    GROUP BY i_col
    ORDER BY i_col
----
11	3	2
12	1	1
NULL	2	2

query T
SELECT COUNT(n.*) FROM basic_example AS n
----
3

exclude-from-coverage
statement ok
CREATE OR REPLACE TABLE count_example_with_variant_column (
  i_col INTEGER, 
  j_col INTEGER, 
  v VARIANT);

exclude-from-coverage
statement ok
BEGIN WORK;

exclude-from-coverage
statement ok
INSERT INTO count_example_with_variant_column (i_col, j_col, v) 
  VALUES (NULL, 10, NULL);

exclude-from-coverage
statement ok
INSERT INTO count_example_with_variant_column (i_col, j_col, v) 
  SELECT 1, 11, PARSE_JSON('{"Title": null}');

exclude-from-coverage
statement ok
INSERT INTO count_example_with_variant_column (i_col, j_col, v) 
  SELECT 2, 12, PARSE_JSON('{"Title": "O"}');

exclude-from-coverage
statement ok
INSERT INTO count_example_with_variant_column (i_col, j_col, v) 
  SELECT 3, 12, PARSE_JSON('{"Title": "I"}');

exclude-from-coverage
statement ok
COMMIT WORK;

query T
SELECT COUNT(v:Title)
    FROM count_example_with_variant_column
----
2

