exclude-from-coverage
statement ok
CREATE OR REPLACE TABLE employees(employee_id NUMBER, department_id NUMBER, salary NUMBER);

exclude-from-coverage
statement ok
INSERT INTO employees VALUES
  (1001, 10, 10000),
  (1020, 10, 9000),
  (1030, 10, 8000),
  (900, 20, 15000),
  (2000, 20, NULL),
  (2010, 20, 15000),
  (2020, 20, 8000);

query T
SELECT MIN_BY(employee_id, salary) FROM employees;
----
1030

query T
SELECT MIN_BY(employee_id, salary, 3) FROM employees;
----
'[1030,2020,1020]'