exclude-from-coverage
statement ok
CREATE OR REPLACE TABLE sales(emp_id INTEGER, year INTEGER, revenue DECIMAL(10,2));

exclude-from-coverage
statement ok
INSERT INTO sales VALUES (0, 2010, 1000), (0, 2011, 1500), (0, 2012, 500), (0, 2013, 750);

exclude-from-coverage
statement ok
INSERT INTO sales VALUES (1, 2010, 10000), (1, 2011, 12500), (1, 2012, 15000), (1, 2013, 20000);

exclude-from-coverage
statement ok
INSERT INTO sales VALUES (2, 2012, 500), (2, 2013, 800);

query TTTT
SELECT emp_id, year, revenue,
    LEAD(revenue) OVER (PARTITION BY emp_id ORDER BY year) - revenue AS diff_to_next
  FROM sales
  ORDER BY emp_id, year;
----
0	2010	1000.00	500.00
0	2011	1500.00	-1000.00
0	2012	500.00	250.00
0	2013	750.00	NULL
1	2010	10000.00	2500.00
1	2011	12500.00	2500.00
1	2012	15000.00	5000.00
1	2013	20000.00	NULL
2	2012	500.00	300.00
2	2013	800.00	NULL

exclude-from-coverage
statement ok
CREATE OR REPLACE TABLE t1 (c1 NUMBER, c2 NUMBER);

exclude-from-coverage
statement ok
INSERT INTO t1 VALUES (1,5),(2,4),(3,NULL),(4,2),(5,NULL),(6,NULL),(7,6);

query TTT
SELECT c1, c2, LEAD(c2) IGNORE NULLS OVER (ORDER BY c1) FROM t1;
----
1	5	4
2	4	2
3	NULL	2
4	2	6
5	NULL	6
6	NULL	6
7	6	NULL

