query TTTT
WITH corn_production (farmer_ID, state, bushels) AS (SELECT * FROM
    VALUES
    (1, 'Iowa', 100),
    (2, 'Iowa', 110),
    (3, 'Kansas', 120),
    (4, 'Kansas', 130)
)
SELECT state, bushels,
    RANK() OVER (ORDER BY bushels DESC),
    DENSE_RANK() OVER (ORDER BY bushels DESC)
FROM corn_production;
----
Kansas	130	1	1
Kansas	120	2	2
Iowa	110	3	3
Iowa	100	4	4

query TTTT
WITH corn_production (farmer_ID, state, bushels) AS (SELECT * FROM
    VALUES
    (1, 'Iowa', 100),
    (2, 'Iowa', 110),
    (3, 'Kansas', 120),
    (4, 'Kansas', 130)
)
SELECT state, bushels,
    RANK() OVER (PARTITION BY state ORDER BY bushels DESC),
    DENSE_RANK() OVER (PARTITION BY state ORDER BY bushels DESC)
FROM corn_production
----
Iowa	110	1	1
Iowa	100	2	2
Kansas	130	1	1
Kansas	120	2	2