query TTTT
WITH sales(emp_id, year, revenue) AS (SELECT * FROM
    VALUES
    (0, 2010, 1000.00),
    (0, 2011, 1500.00),
    (0, 2012, 500.00),
    (0, 2013, 750.00),
    (1, 2010, 10000.00),
    (1, 2011, 12500.00),
    (1, 2012, 15000.00),
    (1, 2013, 20000.00),
    (2, 2012, 500.00),
    (2, 2013, 800.00)
)
SELECT emp_id, year, revenue,
       revenue - LAG(revenue, 1, 0) OVER (PARTITION BY emp_id ORDER BY year) AS diff_to_prev
FROM sales
ORDER BY emp_id, year
----
0	2010	1000	1000
0	2011	1500	500
0	2012	500	-1000
0	2013	750	250
1	2010	10000	10000
1	2011	12500	2500
1	2012	15000	2500
1	2013	20000	5000
2	2012	500	500
2	2013	800	300

query TTT
WITH t1(col_1, col_2) AS (SELECT * FROM
    VALUES
    (1, 5),
    (2, 4),
    (3, NULL),
    (4, 2),
    (5, NULL),
    (6, NULL),
    (7, 6)
)
SELECT col_1, col_2, LAG(col_2) IGNORE NULLS OVER (ORDER BY col_1)
FROM t1
ORDER BY col_1
----
1	5	NULL
2	4	5
3	NULL	4
4	2	4
5	NULL	2
6	NULL	2
7	6	2