query TTT
WITH store_profit AS (
    SELECT * FROM VALUES
    (1, 'Ontario', 300::NUMERIC(11, 2)),
    (2, 'Saskatchewan', 250::NUMERIC(11, 2)),
    (3, 'Ontario', 450::NUMERIC(11, 2)),
    (4, 'Ontario', NULL::NUMERIC(11, 2))
    AS store_profit(store_ID, province, profit)
)
SELECT 
    store_ID, profit, 
    100 * RATIO_TO_REPORT(profit) OVER () AS percent_profit
FROM store_profit
ORDER BY store_ID
----
1	300.00	30.00000000
2	250.00	25.00000000
3	450.00	45.00000000
4	NULL	NULL

query TTTT
WITH store_profit AS (
    SELECT * FROM VALUES
    (1, 'Ontario', 300::NUMERIC(11, 2)),
    (2, 'Saskatchewan', 250::NUMERIC(11, 2)),
    (3, 'Ontario', 450::NUMERIC(11, 2)),
    (4, 'Ontario', NULL::NUMERIC(11, 2))
    AS store_profit(store_ID, province, profit)
)
SELECT 
    province, store_ID, profit, 
    100 * RATIO_TO_REPORT(profit) OVER (PARTITION BY province) AS percent_profit
FROM store_profit
ORDER BY province, store_ID
----
Ontario	1	300.00	40.00000000
Ontario	3	450.00	60.00000000
Ontario	4	NULL	NULL
Saskatchewan	2	250.00	100.00000000