exclude-from-coverage
statement ok
CREATE OR REPLACE TABLE ftable1 (retail_price FLOAT, wholesale_cost FLOAT, description VARCHAR);

exclude-from-coverage
statement ok
INSERT INTO ftable1 (retail_price, wholesale_cost, description) 
  VALUES (14.00, 6.00, 'bling');

query TTT
SELECT description, retail_price, wholesale_cost 
    FROM ftable1
----
bling	14.0	6.0

query T
SELECT v.profit 
    FROM (SELECT retail_price - wholesale_cost AS profit FROM ftable1) AS v
----
8.0
