exclude-from-coverage
statement ok
CREATE or replace TABLE nurses (
  ID INTEGER,
  full_name VARCHAR,
  medical_license VARCHAR,   -- LVN, RN, etc.
  radio_license VARCHAR      -- Technician, General, Amateur Extra
  )
  ;

exclude-from-coverage
statement ok
INSERT INTO nurses
    (ID, full_name, medical_license, radio_license)
  VALUES
    (201, 'Thomas Leonard Vicente', 'LVN', 'Technician'),
    (202, 'Tamara Lolita VanZant', 'LVN', 'Technician'),
    (341, 'Georgeann Linda Vente', 'LVN', 'General'),
    (471, 'Andrea Renee Nouveau', 'RN', 'Amateur Extra')
    ;

query TTT
SELECT COUNT(*), medical_license, radio_license
  FROM nurses
  GROUP BY GROUPING SETS (medical_license, radio_license)
----
3	LVN	NULL
1	RN	NULL
1	NULL	General
1	NULL	Amateur Extra
2	NULL	Technician

exclude-from-coverage
statement ok
INSERT INTO nurses
    (ID, full_name, medical_license, radio_license)
  VALUES
    (101, 'Lily Vine', 'LVN', NULL),
    (102, 'Larry Vancouver', 'LVN', NULL),
    (172, 'Rhonda Nova', 'RN', NULL)
    ;

query TTT
SELECT COUNT(*), medical_license, radio_license
  FROM nurses
  GROUP BY medical_license, radio_license
----
1	LVN	General
2	LVN	Technician
1	RN	Amateur Extra
2	LVN	NULL
1	RN	NULL

