query T
SELECT column1
  FROM VALUES ('a'), ('1'), ('B'), (null), ('2'), ('01'), ('05'), (' this'), ('this'), ('this and that'), ('&'), ('%')
  ORDER BY column1
----
 this
%
&
01
05
1
2
B
a
this
this and that
NULL

query T
SELECT column1
  FROM VALUES (3), (4), (null), (1), (2), (6), (5), (0005), (.05), (.5), (.5000)
  ORDER BY column1
----
0.05
0.50
0.50
1.00
2.00
3.00
4.00
5.00
5.00
6.00
NULL

query T
SELECT column1
  FROM VALUES (1), (null), (2), (null), (3)
  ORDER BY column1
----
1
2
3
NULL
NULL

query T
SELECT column1
  FROM VALUES (1), (null), (2), (null), (3)
  ORDER BY column1 NULLS FIRST
----
NULL
NULL
1
2
3

query T
SELECT column1
  FROM VALUES (1), (null), (2), (null), (3)
  ORDER BY column1 DESC
----
NULL
NULL
3
2
1

query T
SELECT column1
  FROM VALUES (1), (null), (2), (null), (3)
  ORDER BY column1 DESC NULLS LAST
----
3
2
1
NULL
NULL

