exclude-from-coverage
statement ok
CREATE OR REPLACE TABLE logical_test1 (id INT, a INT, b VARCHAR);

exclude-from-coverage
statement ok
INSERT INTO logical_test1 (id, a, b) VALUES (1, 8, 'Up');

exclude-from-coverage
statement ok
INSERT INTO logical_test1 (id, a, b) VALUES (2, 25, 'Down');

exclude-from-coverage
statement ok
INSERT INTO logical_test1 (id, a, b) VALUES (3, 15, 'Down');

exclude-from-coverage
statement ok
INSERT INTO logical_test1 (id, a, b) VALUES (4, 47, 'Up');

query TTT
SELECT * FROM logical_test1 WHERE a > 20 AND b = 'Down'
----
2	25	Down

query TTT
SELECT * FROM logical_test1 WHERE a > 20 OR b = 'Down'
----
2	25	Down
3	15	Down
4	47	Up

query TTT
SELECT * FROM logical_test1 WHERE a > 20 OR b = 'Up'
----
1	8	Up
2	25	Down
4	47	Up

query TTT
SELECT * FROM logical_test1 WHERE NOT a > 20
----
1	8	Up
3	15	Down

query TTT
SELECT * FROM logical_test1 WHERE b = 'Down' OR a = 8 AND b = 'Up'
----
1	8	Up
2	25	Down
3	15	Down

query TTT
SELECT * FROM logical_test1 WHERE (b = 'Down' OR a = 8) AND b = 'Up'
----
1	8	Up

query TTT
SELECT * FROM logical_test1 WHERE NOT a = 15 AND b = 'Down'
----
2	25	Down

query TTT
SELECT * FROM logical_test1 WHERE NOT (a = 15 AND b = 'Down')
----
1	8	Up
2	25	Down
4	47	Up

exclude-from-coverage
statement ok
CREATE OR REPLACE TABLE logical_test2 (a BOOLEAN, b BOOLEAN);

exclude-from-coverage
statement ok
INSERT INTO logical_test2 VALUES (0, 1);

query TT
SELECT a, b FROM logical_test2 WHERE a OR b
----
FALSE	TRUE

query TT
SELECT a, b FROM logical_test2 WHERE a AND b
----


query TT
SELECT a, b FROM logical_test2 WHERE b AND NOT a
----
FALSE	TRUE

query TT
SELECT a, b FROM logical_test2 WHERE a AND NOT b
----


exclude-from-coverage
statement ok
CREATE OR REPLACE TABLE logical_test3 (x BOOLEAN);

exclude-from-coverage
statement ok
INSERT INTO logical_test3 (x) VALUES (False), (True), (NULL);

query TTTT
SELECT x AS "OR", x OR False AS "FALSE", x OR True AS "TRUE", x OR NULL AS "NULL" FROM logical_test3
----
FALSE	FALSE	TRUE	NULL
TRUE	TRUE	TRUE	TRUE
NULL	NULL	TRUE	NULL

query TTTT
SELECT x AS "AND", x AND False AS "FALSE", x AND True AS "TRUE", x AND NULL AS "NULL" FROM logical_test3
----
FALSE	FALSE	FALSE	FALSE
TRUE	FALSE	TRUE	NULL
NULL	FALSE	NULL	NULL

