query TTT
SELECT 10.01 n1, 1.1 n2, 10.01 * 1.1
----
10.01	1.1	11.011

query TTT
SELECT 10.001 n1, .001 n2, 10.001 * .001
----
10.001	0.001	0.010001

query TTT
SELECT .1 n1, .0000000000001 n2, .1 * .0000000000001
----
0.1	1E-13	0E-13

query TTT
SELECT 2 n1, 7 n2, n1 / n2;
----
2	7	0.285714

query TTT
SELECT 10.1 n1, 2.1 n2, n1 / n2;
----
10.1	2.1	4.8095238

query TTT
SELECT 10.001 n1, .001 n2, n1 / n2;
----
10.001	0.001	10001.000000000

query TTT
SELECT .1 n1, .0000000000001 n2, n1 / n2;
----
0.1	1E-13	1000000000000.0000000

# Test division by zero behavior (should error)

exclude-from-coverage
statement ok
CREATE OR REPLACE TABLE arith_test(val INT);

exclude-from-coverage
statement ok
INSERT INTO arith_test VALUES (10);

statement error
SELECT val/0 FROM arith_test;
----
100051 (22012): Division by zero