query T
SELECT ADD_MONTHS('2016-05-15'::timestamp_ntz, 2) AS RESULT
----
'2016-07-15T00:00:00'

query T
SELECT ADD_MONTHS('2016-02-29'::date, 1) AS RESULT
----
'2016-03-31'

query T
SELECT ADD_MONTHS('2016-05-31'::date, -1) AS RESULT
----
'2016-04-30'

