query T
SELECT DATE_FROM_PARTS(1977, 8, 7)
----
'1977-08-07'

query TT
SELECT DATE_FROM_PARTS(2010, 1, 100), DATE_FROM_PARTS(2010, 1 + 24, 1)
----
'2010-04-10'	'2012-01-01'

query TTT
SELECT DATE_FROM_PARTS(2004, 1, 1),       
DATE_FROM_PARTS(2004, 0, 1),       
DATE_FROM_PARTS(2004, -1, 1)
----
'2004-01-01'	'2003-12-01'	'2003-11-01'

