query TT
WITH test_data AS (
    SELECT TO_DATE('2022-05-08') AS original_date
)
SELECT original_date,
       DATEADD(year, 2, original_date) AS date_plus_two_years
FROM test_data
----
'2022-05-08'	'2024-05-08'

query TT
WITH test_data AS (
    SELECT TO_DATE('2022-05-08') AS original_date
)
SELECT original_date,
       DATEADD(year, -2, original_date) AS date_minus_two_years
FROM test_data
----
'2022-05-08'	'2020-05-08'

query TTTT
WITH datetest AS (
    SELECT TO_DATE('2022-04-05') AS d
)
SELECT d AS original_date,
       DATEADD(year, 2, d) AS date_plus_two_years,
       TO_TIMESTAMP(d) AS original_timestamp,
       DATEADD(hour, 2, d) AS timestamp_plus_two_hours
FROM datetest
----
'2022-04-05'	'2024-04-05'	'2022-04-05T00:00:00'	'2022-04-05T02:00:00'

query T
SELECT DATEADD(month, 1, '2023-01-31'::DATE) AS date_plus_one_month
----
'2023-02-28'

query T
SELECT DATEADD(month, 1, '2023-02-28'::DATE) AS date_plus_one_month
----
'2023-03-28'