statement ok
WITH test_date_trunc AS (
  SELECT * FROM VALUES
  ('2024-05-09'::DATE, '08:50:48'::TIME, '2024-05-09 08:50:57.891 -0700'::TIMESTAMP)
  AS V(mydate, mytime, mytimestamp)
)
SELECT mydate AS "DATE",
       DATE_TRUNC('year', mydate) AS "TRUNCATED TO YEAR",
       DATE_TRUNC('month', mydate) AS "TRUNCATED TO MONTH",
       DATE_TRUNC('week', mydate) AS "TRUNCATED TO WEEK",
       DATE_TRUNC('day', mydate) AS "TRUNCATED TO DAY"
  FROM test_date_trunc;


query TT
WITH test_date_trunc AS (
  SELECT * FROM VALUES
  ('2024-05-09'::DATE, '08:50:48'::TIME, '2024-05-09 08:50:57.891 -0700'::TIMESTAMP)
  AS V(mydate, mytime, mytimestamp)
)
SELECT mytime AS "TIME",
       DATE_TRUNC('minute', mytime) AS "TRUNCATED TO MINUTE"
  FROM test_date_trunc
----
'08:50:48'	'08:50:00'

query TTTT
WITH test_date_trunc AS (
  SELECT * FROM VALUES
  ('2024-05-09'::DATE, '08:50:48'::TIME, '2024-05-09 08:50:57.891 -0700'::TIMESTAMP)
  AS V(mydate, mytime, mytimestamp)
)
SELECT mytimestamp AS "TIMESTAMP",
       DATE_TRUNC('hour', mytimestamp) AS "TRUNCATED TO HOUR",
       DATE_TRUNC('minute', mytimestamp) AS "TRUNCATED TO MINUTE",
       DATE_TRUNC('second', mytimestamp) AS "TRUNCATED TO SECOND"
  FROM test_date_trunc
----
'2024-05-09T08:50:57.891000'	'2024-05-09T08:00:00'	'2024-05-09T08:50:00'	'2024-05-09T08:50:57'

query TT
WITH test_date_trunc AS (
  SELECT * FROM VALUES
  ('2024-05-09'::DATE, '08:50:48'::TIME, '2024-05-09 08:50:57.891 -0700'::TIMESTAMP)
  AS V(mydate, mytime, mytimestamp)
)
SELECT DATE_TRUNC('quarter', mytimestamp) AS "TRUNCATED",
       EXTRACT('quarter', mytimestamp) AS "EXTRACTED"
  FROM test_date_trunc
----
'2024-04-01T00:00:00'	2

query TT
WITH week_examples AS (
  SELECT * FROM VALUES
  ('2016-12-30'::DATE),
  ('2016-12-31'::DATE),
  ('2017-01-01'::DATE),
  ('2017-01-02'::DATE),
  ('2017-01-03'::DATE),
  ('2017-01-04'::DATE),
  ('2017-01-05'::DATE),
  ('2017-12-30'::DATE),
  ('2017-12-31'::DATE)
  AS V(d)
)
SELECT d "Date",
       DATE_TRUNC('week', d) "Trunc Date"
  FROM week_examples;
----
'2016-12-30'	'2016-12-26'
'2016-12-31'	'2016-12-26'
'2017-01-01'	'2016-12-26'
'2017-01-02'	'2017-01-02'
'2017-01-03'	'2017-01-02'
'2017-01-04'	'2017-01-02'
'2017-01-05'	'2017-01-02'
'2017-12-30'	'2017-12-25'
'2017-12-31'	'2017-12-25'