query TT
SELECT TO_DATE('2015-05-08T23:39:20.123-07:00') AS "DATE",
       LAST_DAY("DATE") AS "LAST DAY OF MONTH"
----
'2015-05-08'	'2015-05-31'

query TT
SELECT TO_DATE('2015-05-08T23:39:20.123-07:00') AS "DATE",
       LAST_DAY("DATE", 'Y') AS "LAST DAY OF YEAR"
----
'2015-05-08'	'2015-12-31'

query TT
WITH week_examples(d) AS (
  SELECT column1::DATE FROM VALUES
    ('2016-12-30'),
    ('2016-12-31'),
    ('2017-01-01'),
    ('2017-01-02'),
    ('2017-01-03'),
    ('2017-01-04'),
    ('2017-01-05'),
    ('2017-12-30'),
    ('2017-12-31')
)
SELECT
  d AS "Date",
  LAST_DAY(d, 'week') AS "Last DOW Date"
FROM
  week_examples;
----
'2016-12-30'	'2017-01-01'
'2016-12-31'	'2017-01-01'
'2017-01-01'	'2017-01-01'
'2017-01-02'	'2017-01-08'
'2017-01-03'	'2017-01-08'
'2017-01-04'	'2017-01-08'
'2017-01-05'	'2017-01-08'
'2017-12-30'	'2017-12-31'
'2017-12-31'	'2017-12-31'