
query TT
WITH test_data AS (
    SELECT
        '2019-03-15'::DATE AS date1,
        '2019-02-15'::DATE AS date2,
        '2019-03-31'::DATE AS date3,
        '2019-02-28'::DATE AS date4
)
SELECT
    MONTHS_BETWEEN(date1, date2) AS MonthsBetween1,
    MONTHS_BETWEEN(date3, date4) AS MonthsBetween2
FROM test_data
----
1.000000	1.000000

query TTT
WITH test_data AS (
    SELECT
        '2019-03-01'::DATE AS date1,
        '2019-02-15'::DATE AS date2,
        '2019-03-01 02:00:00'::TIMESTAMP AS timestamp1,
        '2019-02-15 01:00:00'::TIMESTAMP AS timestamp2,
        '2019-02-15 02:00:00'::TIMESTAMP AS timestamp3
)
SELECT
    MONTHS_BETWEEN(date1, date2) AS MonthsBetween1,
    MONTHS_BETWEEN(timestamp1, timestamp2) AS MonthsBetween2,
    MONTHS_BETWEEN(timestamp3, timestamp2) AS MonthsBetween3
FROM test_data
----
0.548387	0.549731	0.000000

query TTT
WITH test_data AS (
    SELECT
        '2019-03-28'::DATE AS date1,
        '2019-02-28'::DATE AS date2,
        '2019-03-30'::DATE AS date3,
        '2019-03-31'::DATE AS date4
)
SELECT
    MONTHS_BETWEEN(date1, date2) AS MonthsBetween1,
    MONTHS_BETWEEN(date3, date2) AS MonthsBetween2,
    MONTHS_BETWEEN(date4, date2) AS MonthsBetween3
FROM test_data
----
1.000000	1.064516	1.000000

query TT
WITH test_data AS (
    SELECT
        '2019-03-01'::DATE AS date1,
        '2019-02-01'::DATE AS date2
)
SELECT
    MONTHS_BETWEEN(date1, date2) AS MonthsBetween1,
    MONTHS_BETWEEN(date2, date1) AS MonthsBetween2
FROM test_data
----
1.000000	-1.000000
