query TT
SELECT TO_DATE('2022-05-08') AS original_date,
       DATEADD(year, 2, TO_DATE('2022-05-08')) AS date_plus_two_years
----
'2022-05-08'	'2024-05-08'

query TT
SELECT TO_DATE('2022-05-08') AS original_date,
       DATEADD(year, -2, TO_DATE('2022-05-08')) AS date_minus_two_years
----
'2022-05-08'	'2020-05-08'

exclude-from-coverage
statement ok
ALTER SESSION SET TIMESTAMP_OUTPUT_FORMAT = 'YYYY-MM-DD HH24:MI:SS.FF9';

query TTTT
WITH datetest AS (
  SELECT column1 as d FROM VALUES ('2022-04-05')
)
SELECT d AS original_date,
       DATEADD(year, 2, d) AS date_plus_two_years,
       TO_TIMESTAMP(d) AS original_timestamp,
       DATEADD(hour, 2, d) AS timestamp_plus_two_hours
  FROM datetest
----
2022-04-05	'2024-04-05T00:00:00'	'2022-04-05T00:00:00'	'2022-04-05T02:00:00'

query T
SELECT DATEADD(month, 1, '2023-01-31'::DATE) AS date_plus_one_month
----
'2023-02-28'

query T
SELECT DATEADD(month, 1, '2023-02-28'::DATE) AS date_plus_one_month
----
'2023-03-28'