query T
SELECT TIMEDIFF(YEAR, '2017-01-01', '2019-01-01') AS Years;
----
2

query T
SELECT TIMEDIFF(MONTH, '2017-01-1', '2017-12-31') AS Months;
----
11

