query TT
WITH timestampdiff_test AS (
    SELECT * FROM VALUES
    (1, '2023-01-01 08:00:00'::TIMESTAMP, '2023-01-01 10:30:00'::TIMESTAMP),
    (2, '2023-01-01 23:00:00'::TIMESTAMP, '2023-01-02 01:00:00'::TIMESTAMP),
    (3, '2023-01-01 12:00:00'::TIMESTAMP, '2023-01-01 12:00:00'::TIMESTAMP),
    (4, '2023-01-02 10:00:00'::TIMESTAMP, '2023-01-01 10:00:00'::TIMESTAMP)
    AS t(id, start_time, end_time)
)
SELECT id, TIMESTAMPDIFF(HOUR, start_time, end_time) AS diff_hours FROM timestampdiff_test ORDER BY id;
----
1	2
2	2
3	0
4	-24

query TT
WITH timestampdiff_test AS (
    SELECT * FROM VALUES
    (1, '2023-01-01 08:00:00'::TIMESTAMP, '2023-01-01 10:30:00'::TIMESTAMP),
    (2, '2023-01-01 23:00:00'::TIMESTAMP, '2023-01-02 01:00:00'::TIMESTAMP),
    (3, '2023-01-01 12:00:00'::TIMESTAMP, '2023-01-01 12:00:00'::TIMESTAMP),
    (4, '2023-01-02 10:00:00'::TIMESTAMP, '2023-01-01 10:00:00'::TIMESTAMP)
    AS t(id, start_time, end_time)
)
SELECT id, TIMESTAMPDIFF(MINUTE, start_time, end_time) AS diff_minutes FROM timestampdiff_test ORDER BY id;
----
1	150
2	120
3	0
4	-1440

query TT
WITH timestampdiff_test AS (
    SELECT * FROM VALUES
    (1, '2023-01-01 08:00:00'::TIMESTAMP, '2023-01-01 10:30:00'::TIMESTAMP),
    (2, '2023-01-01 23:00:00'::TIMESTAMP, '2023-01-02 01:00:00'::TIMESTAMP),
    (3, '2023-01-01 12:00:00'::TIMESTAMP, '2023-01-01 12:00:00'::TIMESTAMP),
    (4, '2023-01-02 10:00:00'::TIMESTAMP, '2023-01-01 10:00:00'::TIMESTAMP)
    AS t(id, start_time, end_time)
)
SELECT id, TIMESTAMPDIFF(SECOND, start_time, end_time) AS diff_seconds FROM timestampdiff_test ORDER BY id;
----
1	9000
2	7200
3	0
4	-86400