
query TT
SELECT TO_DATE('2024-05-10'), DATE('2024-05-10')
----
'2024-05-10'	'2024-05-10'

query T
WITH date_from_timestamp AS (
  SELECT TO_TIMESTAMP('2024.10.02 04:00:00', 'YYYY.MM.DD HH:MI:SS') AS ts
)
SELECT ts FROM date_from_timestamp
----
'2024-10-02T04:00:00'

query T
WITH date_from_timestamp AS (
  SELECT TO_TIMESTAMP('2024.10.02 04:00:00', 'YYYY.MM.DD HH:MI:SS') AS ts
)
SELECT TO_DATE(ts) FROM date_from_timestamp
----
'2024-10-02'

query TT
SELECT TO_DATE('2024.05.10', 'YYYY.MM.DD'), DATE('2024.05.10', 'YYYY.MM.DD')
----
'2024-05-10'	'2024-05-10'

query TT
SELECT TO_DATE('2024-05-10', 'AUTO'), DATE('2024-05-10', 'AUTO')
----
'2024-05-10'	'2024-05-10'

query TT
SELECT TO_DATE('05/10/2024', 'MM/DD/YYYY'), DATE('05/10/2024', 'MM/DD/YYYY')
----
'2024-05-10'	'2024-05-10'

query TT
SELECT TO_DATE('2024-05-10', 'YYYY-MM-DD'), DATE('2024-05-10', 'YYYY-MM-DD')
----
'2024-05-10'	'2024-05-10'

query TTTT
WITH demo1 AS (
  SELECT * FROM VALUES
    ('Seconds',      '31536000'),
    ('Milliseconds', '31536000000'),
    ('Microseconds', '31536000000000'),
    ('Nanoseconds',  '31536000000000000')
  AS demo1(description, value)
)
SELECT description,
       value,
       TO_TIMESTAMP(value),
       TO_DATE(value)
  FROM demo1
  ORDER BY value
----
Seconds	31536000	'1971-01-01T00:00:00'	'1971-01-01'
Milliseconds	31536000000	'1971-01-01T00:00:00'	'1971-01-01'
Microseconds	31536000000000	'1971-01-01T00:00:00'	'1971-01-01'
Nanoseconds	31536000000000000	'1971-01-01T00:00:00'	'1971-01-01'

query T
SELECT TO_DATE('3/4/2024', 'dd/mm/yyyy')
----
'2024-04-03'
