#added aliasing, since of the 000200: Error during planning: Projections require unique expression names but the expression
#"to_date(Utf8("2024-05-10"))" at position 0 and "to_date(Utf8("2024-05-10"))" at position 1 have the same name.
#Consider aliasing ("AS") one of them.
query TT
SELECT TO_DATE('2024-05-10') as to_date, DATE('2024-05-10') as date
----
'2024-05-10'	'2024-05-10'

#excluded to_timestamp test in to_date test

#removed to_timestamp call with timestamp formatting
query T
WITH date_from_timestamp AS (
  SELECT '2024-10-02T04:00:00.000Z'::TIMESTAMP AS ts
)
SELECT TO_DATE(ts) FROM date_from_timestamp
----
'2024-10-02'

#added aliasing, similar to first error
query TT
SELECT TO_DATE('2024.05.10', 'YYYY.MM.DD') as to_date, DATE('2024.05.10', 'YYYY.MM.DD') as date
----
'2024-05-10'	'2024-05-10'

#added aliasing, similar to first error
query TT
SELECT TO_DATE('2024-05-10', 'AUTO') as to_date, DATE('2024-05-10', 'AUTO') as date
----
'2024-05-10'	'2024-05-10'

#added aliasing, similar to first error
query TT
SELECT TO_DATE('05/10/2024', 'MM/DD/YYYY') as to_date, DATE('05/10/2024', 'MM/DD/YYYY') as date
----
'2024-05-10'	'2024-05-10'

#added aliasing, similar to first error
query TT
SELECT TO_DATE('2024-05-10', 'YYYY-MM-DD') as to_date, DATE('2024-05-10', 'YYYY-MM-DD') as date
----
'2024-05-10'	'2024-05-10'

#removed to_timestamp call, since
#000200: Arrow error: Parser error: Error parsing timestamp from '31536000': timestamp must contain at least 10 characters
query TTT
WITH demo1 AS (
  SELECT * FROM VALUES
    ('Seconds',      '31536000'),
    ('Milliseconds', '31536000000'),
    ('Microseconds', '31536000000000'),
    ('Nanoseconds',  '31536000000000000')
  AS demo1(description, value)
)
SELECT description,
       value,
       TO_DATE(value)
  FROM demo1
  ORDER BY value
----
Seconds	31536000	'1971-01-01'
Milliseconds	31536000000	'1971-01-01'
Microseconds	31536000000000	'1971-01-01'
Nanoseconds	31536000000000000	'1971-01-01'

query T
SELECT TO_DATE('3/4/2024', 'dd/mm/yyyy')
----
'2024-04-03'
