query TTTT
WITH test_date_trunc AS (
  SELECT * FROM VALUES
  ('2024-05-09'::DATE, '08:50:48'::TIME, '2024-05-09 08:50:57.891 -0700'::TIMESTAMP)
  AS V(mydate, mytime, mytimestamp)
)
SELECT mydate AS "DATE",
       TRUNC(mydate, 'year') AS "TRUNCATED TO YEAR",
       TRUNC(mydate, 'month') AS "TRUNCATED TO MONTH",
       TRUNC(mydate, 'day') AS "TRUNCATED TO DAY"
  FROM test_date_trunc
----
'2024-05-09'	'2024-01-01'	'2024-05-01'	'2024-05-09'

query TT
WITH test_date_trunc AS (
  SELECT * FROM VALUES
  ('2024-05-09'::DATE, '08:50:48'::TIME, '2024-05-09 08:50:57.891 -0700'::TIMESTAMP)
  AS V(mydate, mytime, mytimestamp)
)
SELECT mytime AS "TIME",
       TRUNC(mytime, 'minute') AS "TRUNCATED TO MINUTE"
  FROM test_date_trunc
----
'08:50:48'	'08:50:00'



query TTTT
WITH test_date_trunc AS (
  SELECT * FROM VALUES
  ('2024-05-09'::DATE, '08:50:48'::TIME, '2024-05-09 08:50:57.891 -0700'::TIMESTAMP)
  AS V(mydate, mytime, mytimestamp)
)
SELECT mytimestamp AS "TIMESTAMP",
       TRUNC(mytimestamp, 'hour') AS "TRUNCATED TO HOUR",
       TRUNC(mytimestamp, 'minute') AS "TRUNCATED TO MINUTE",
       TRUNC(mytimestamp, 'second') AS "TRUNCATED TO SECOND"
  FROM test_date_trunc
----
'2024-05-09T08:50:57.891000'	'2024-05-09T08:00:00'	'2024-05-09T08:50:00'	'2024-05-09T08:50:57'



query TT
WITH test_date_trunc AS (
  SELECT * FROM VALUES
  ('2024-05-09'::DATE, '08:50:48'::TIME, '2024-05-09 08:50:57.891 -0700'::TIMESTAMP)
  AS V(mydate, mytime, mytimestamp)
)
SELECT TRUNC(mytimestamp, 'quarter') AS "TRUNCATED",
       EXTRACT('quarter', mytimestamp) AS "EXTRACTED"
  FROM test_date_trunc
----
'2024-04-01T00:00:00'	2