query T
SELECT ARRAY_CONSTRUCT(10, 20, 30)
----
'[10,20,30]'

query T
SELECT ARRAY_CONSTRUCT(NULL, 'hello', 3::DOUBLE, 4, 5)
----
'[null,"hello",3.0,4,5]'

query T
SELECT ARRAY_CONSTRUCT()
----
'[]'

exclude-from-coverage
statement ok
CREATE OR REPLACE TABLE construct_array_example (id INT, array_column ARRAY);

exclude-from-coverage
statement ok
INSERT INTO construct_array_example (id, array_column)
  SELECT 1,
         ARRAY_CONSTRUCT(1, 2, 3);

exclude-from-coverage
statement ok
INSERT INTO construct_array_example (id, array_column)
  SELECT 2,
         ARRAY_CONSTRUCT(4, 5, 6);

exclude-from-coverage
statement ok
INSERT INTO construct_array_example (id, array_column)
  SELECT 3,
         ARRAY_CONSTRUCT(7, 8, 9);

query TT
SELECT * FROM construct_array_example
----
1	'[1,2,3]'
2	'[4,5,6]'
3	'[7,8,9]'

