query T
SELECT ARRAY_DISTINCT(['A', 'A', 'B', NULL, NULL])
----
'["A","B",null]'

query T
SELECT ARRAY_DISTINCT(NULL)
----
NULL

query T
SELECT ARRAY_DISTINCT( [ OBJECT_CONSTRUCT('a', 1, 'b', 2), OBJECT_CONSTRUCT('a', 1, 'b', 2), OBJECT_CONSTRUCT('a', 1, 'b', 3) ] )
----
'[{"a":1,"b":2},{"a":1,"b":3}]'

