query T
SELECT ARRAYS_ZIP(
  [1, 2, 3]
) AS zipped_array
----
'[{"$1":1},{"$1":2},{"$1":3}]'

query T
SELECT ARRAYS_ZIP(
  [1, 2, 3],
  [10, 20, 30],
  [100, 200, 300]
) AS zipped_array
----
'[{"$1":1,"$2":10,"$3":100},{"$1":2,"$2":20,"$3":200},{"$1":3,"$2":30,"$3":300}]'

query T
SELECT ARRAYS_ZIP(
  [1, 2, 3],
  ['one'],
  ['I', 'II']
) AS zipped_array
----
'[{"$1":1,"$2":"one","$3":"I"},{"$1":2,"$2":null,"$3":"II"},{"$1":3,"$2":null,"$3":null}]'

query T
SELECT ARRAYS_ZIP(
  [1, 2, 3],
  NULL,
  [100, 200, 300]
) AS zipped_array
----
NULL

query T
SELECT ARRAYS_ZIP(
  [], [], []
) AS zipped_array
----
'[{}]'

query T
SELECT ARRAYS_ZIP(
  [1, NULL, 3],
  [NULL, 20, NULL],
  [100, NULL, 300]
) AS zipped_array
----
'[{"$1":1,"$2":null,"$3":100},{"$1":null,"$2":20,"$3":null},{"$1":3,"$2":null,"$3":300}]'

