exclude-from-coverage
statement ok
ALTER SESSION SET TIMESTAMP_OUTPUT_FORMAT = 'YYYY-MM-DD HH24:MI:SS.FF3';

query T
SELECT ARRAY_MIN([20, 0, NULL, 10, NULL])
----
0

query T
SELECT ARRAY_MIN([])
----
NULL

query T
SELECT ARRAY_MIN([NULL, NULL, NULL])
----
NULL

query T
SELECT ARRAY_MIN([date1::TIMESTAMP, timestamp1]) AS array_min
  FROM (
      VALUES ('1999-01-01'::DATE, '2023-12-09 22:09:26.000000000'::TIMESTAMP),
             ('2023-12-09'::DATE, '1999-01-01 22:09:26.000000000'::TIMESTAMP)
          AS t(date1, timestamp1)
      )
----
"1999-01-01 00:00:00.000"
"1999-01-01 22:09:26.000"

