query T
SELECT ARRAY_SORT([20, PARSE_JSON('null'), 0, NULL, 10])
----
'[0,10,20,null,null]'

query T
SELECT ARRAY_SORT([20, PARSE_JSON('null'), 0, NULL, 10], FALSE)
----
'[null,null,20,10,0]'

query T
SELECT ARRAY_SORT([20, PARSE_JSON('null'), 0, NULL, 10], TRUE, TRUE)
----
'[null,0,10,20,null]'

query T
SELECT ARRAY_SORT([20, PARSE_JSON('null'), 0, NULL, 10], FALSE, FALSE)
----
'[null,20,10,0,null]'

query TT
SELECT ARRAY_INSERT(ARRAY_INSERT(ARRAY_CONSTRUCT(), 3, 2), 6, 1) arr, ARRAY_SORT(arr)
----
'[null,null,null,2,null,null,1]'	'[1,2,null,null,null,null,null]'

query T
SELECT ARRAY_SORT([1, 1, 1, 1, 1, 1, 1, 1, 1, 1, 1, 1, 1, 1, 1, 1, 1e0::REAL]) AS array_of_different_numeric_types
----
'[1,1.0,1,1,1,1,1,1,1,1,1,1,1,1,1,1,1]'

