query T
SELECT ARRAY_SLICE([0,1,2,3,4,5,6], 0, 2)
----
'[0,1]'

query T
SELECT ARRAY_SLICE([0,1,2,3,4,5,6], 3, ARRAY_SIZE([0,1,2,3,4,5,6])) AS slice_to_last_index
----
'[3,4,5,6]'

query T
SELECT ARRAY_SLICE(['foo','snow','flake','bar'], 1, 3)
----
'["snow","flake"]'

query T
SELECT ARRAY_SLICE(NULL, 2, 3)
----
NULL

query T
SELECT ARRAY_SLICE([0,1,2,3,4,5,6], NULL, 2)
----
NULL

query T
SELECT ARRAY_SLICE([0,1,2,3,4,5,6], 0, -2)
----
'[0,1,2,3,4]'

query T
SELECT ARRAY_SLICE([0,1,2,3,4,5,6], -5, -3)
----
'[2,3]'

query T
SELECT ARRAY_SLICE([0,1,2,3,4,5,6], 10, 12)
----
'[]'

query T
SELECT ARRAY_SLICE([0,1,2,3,4,5,6], -10, -12)
----
'[]'

