query T
SELECT ARRAY_REMOVE(
  [1, 5, 5.00, 5.00::DOUBLE, '5', 5, NULL],
  5)
----
'[1,"5",null]'

query T
SELECT ARRAY_REMOVE([5, 5], 5)
----
'[]'

query T
SELECT ARRAY_REMOVE(
  ['a', 'b', 'a', 'c', 'd', 'a'],
  'a'::VARIANT)
----
'["b","c","d"]'

