query TTT
SELECT n, AS_REAL(v), TYPEOF(v)
  FROM (
    SELECT column1 AS n, PARSE_JSON(column2) AS v
      FROM VALUES (1, 'null'),
                  (2, null),
                  (3, 'true'),
                  (4, '-17'),
                  (5, '123.12'),
                  (6, '1.912e2'),
                  (7, '"Om ara pa ca na dhih"  '),
                  (8, '[-1, 12, 289, 2188, false,]'),
                  (9, '{ "x" : "abc", "y" : false, "z": 10} ')
         AS vals
  ) AS vartab
  ORDER BY n
----
1	NULL	NULL_VALUE
2	NULL	NULL
3	NULL	BOOLEAN
4	-17.0	INTEGER
5	123.12	DECIMAL
6	191.2	DOUBLE
7	NULL	VARCHAR
8	NULL	ARRAY
9	NULL	OBJECT

query T
SELECT AVG(AS_REAL(v)) FROM (
    SELECT PARSE_JSON(column2) AS v
      FROM VALUES (1, 'null'),
                  (2, null),
                  (3, 'true'),
                  (4, '-17'),
                  (5, '123.12'),
                  (6, '1.912e2'),
                  (7, '"Om ara pa ca na dhih"  '),
                  (8, '[-1, 12, 289, 2188, false,]'),
                  (9, '{ "x" : "abc", "y" : false, "z": 10} ')
         AS vals
  ) AS vartab
----
99.10666666666667
