query T
SELECT OBJECT_PICK(
    OBJECT_CONSTRUCT(
        'a', 1,
        'b', 2,
        'c', 3
    ),
    'a', 'b'
) AS new_object
----
'{"a":1,"b":2}'

query T
SELECT OBJECT_PICK(
    OBJECT_CONSTRUCT(
        'a', 1,
        'b', 2,
        'c', 3
    ),
    ARRAY_CONSTRUCT('a', 'b')
) AS new_object
----
'{"a":1,"b":2}'

