query T
SELECT OBJECT_CONSTRUCT('a', 1, 'b', 'BBBB', 'c', NULL)
----
'{"a":1,"b":"BBBB"}'

exclude-from-coverage
statement ok
CREATE OR REPLACE TABLE demo_table_1 (province VARCHAR, created_date DATE);

exclude-from-coverage
statement ok
INSERT INTO demo_table_1 (province, created_date) VALUES
  ('Manitoba', '2024-01-18'::DATE),
  ('Alberta', '2024-01-19'::DATE);

query T
SELECT OBJECT_CONSTRUCT(*) AS oc
  FROM demo_table_1
  ORDER BY oc['PROVINCE']
----
'{"CREATED_DATE":"2024-01-19","PROVINCE":"Alberta"}'
'{"CREATED_DATE":"2024-01-18","PROVINCE":"Manitoba"}'

query T
SELECT OBJECT_CONSTRUCT(*) AS oc
  FROM demo_table_1
  WHERE province ILIKE 'prov%'
  ORDER BY oc['PROVINCE']
----


query T
SELECT OBJECT_CONSTRUCT(* EXCLUDE province) AS oc
  FROM demo_table_1
  ORDER BY oc['PROVINCE']
----
'{"CREATED_DATE":"2024-01-18"}'
'{"CREATED_DATE":"2024-01-19"}'

query T
SELECT OBJECT_CONSTRUCT(* EXCLUDE province) AS oc
  FROM demo_table_1
  ORDER BY oc['PROVINCE']
----
'{"CREATED_DATE":"2024-01-18"}'
'{"CREATED_DATE":"2024-01-19"}'

query T
SELECT OBJECT_CONSTRUCT(*) FROM (VALUES(1,'x'), (2,'y')) AS t
----
'{"COLUMN1":1,"COLUMN2":"x"}'
'{"COLUMN1":2,"COLUMN2":"y"}'

query T
SELECT OBJECT_CONSTRUCT(
  'Key_One', PARSE_JSON('NULL'), 
  'Key_Two', NULL, 
  'Key_Three', 'null') AS obj
----
'{"Key_One":null,"Key_Three":"null"}'

query T
SELECT OBJECT_CONSTRUCT(
    'foo', 1234567,
    'dataset_size', (SELECT COUNT(*) FROM demo_table_1),
    'distinct_province', (SELECT COUNT(DISTINCT province) FROM demo_table_1),
    'created_date_seconds', extract(epoch_seconds, created_date)
  )  AS json_object
  FROM demo_table_1
----
'{"created_date_seconds":1705536000,"dataset_size":2,"distinct_province":2,"foo":1234567}'
'{"created_date_seconds":1705622400,"dataset_size":2,"distinct_province":2,"foo":1234567}'

