query T
SELECT 'true' WHERE 1 BETWEEN 0 AND 10
----
true

query T
SELECT 'true' WHERE 1.35 BETWEEN 1 AND 2
----
true

query T
SELECT 'true' WHERE 'the' BETWEEN 'that' AND 'then'
----
true

query T
SELECT 'm' BETWEEN 'a' AND 'z'
----
TRUE

query T
SELECT 'M' BETWEEN 'A' AND 'Z'
----
TRUE

