exclude-from-coverage
statement ok
CREATE OR REPLACE TABLE x (i number);

exclude-from-coverage
statement ok
INSERT INTO x values
    (1), 
    (2), 
    (null);

query TT
SELECT x1.i x1_i, x2.i x2_i
    FROM x x1, x x2
    WHERE EQUAL_NULL(x1.i,x2.i);
----
1	1
2	2
NULL	NULL

query TTTTTT
SELECT x1.i x1_i, 
       x2.i x2_i,
       NVL2(x1.i, x2.i, NULL) IS NOT NULL AND x1.i=x2.i, 
       iff(NVL2(x1.i, x2.i, NULL) IS NOT NULL AND x1.i=x2.i, 'Selected', 'Not') "SELECT IF EQUAL_NULL(X1.I,X2.I)",
       not(NVL2(x1.i, x2.i, NULL) IS NOT NULL AND x1.i=x2.i), 
       iff(not(NVL2(x1.i, x2.i, NULL) IS NOT NULL AND x1.i=x2.i), 'Selected', 'Not') "SELECT IF NOT(EQUAL_NULL(X1.I,X2.I))"
    FROM x x1, x x2
----
1	1	TRUE	Selected	FALSE	Not
1	2	FALSE	Not	TRUE	Selected
1	NULL	FALSE	Not	TRUE	Selected
2	1	FALSE	Not	TRUE	Selected
2	2	TRUE	Selected	FALSE	Not
2	NULL	FALSE	Not	TRUE	Selected
NULL	1	FALSE	Not	TRUE	Selected
NULL	2	FALSE	Not	TRUE	Selected
NULL	NULL	FALSE	Not	TRUE	Selected

