query TTTT
WITH test_data AS (
  SELECT * FROM VALUES
    (1, 2, 3, 4.00),
    (2, 4, -1, -2.00),
    (3, 6, NULL, 13.45)
  AS test_table_1_greatest(col_1, col_2, col_3, col_4)
)
SELECT col_1,
       col_2,
       col_3,
       GREATEST(col_1, col_2, col_3) AS greatest
  FROM test_data
  ORDER BY col_1
----
1	2	3	3
2	4	-1	4
3	6	NULL	NULL

query TTT
WITH test_data AS (
  SELECT * FROM VALUES
    (1, 2, 3, 4.00),
    (2, 4, -1, -2.00),
    (3, 6, NULL, 13.45)
  AS test_table_1_greatest(col_1, col_2, col_3, col_4)
)
SELECT col_1,
       col_4,
       GREATEST(col_1, col_4) AS greatest
  FROM test_data
  ORDER BY col_1
----
1	4.00	4.00
2	-2.00	2.00
3	13.45	13.45