query TTT
WITH test_is_not_null(id, col1, col2) AS (SELECT * FROM
  VALUES
    (1, 0, 5),
    (2, 0, NULL),
    (3, NULL, 5),
    (4, NULL, NULL)
)
SELECT *
  FROM test_is_not_null
  WHERE col1 IS NOT NULL
  ORDER BY id;
----
1	0	5
2	0	NULL

query TTT
WITH test_is_not_null(id, col1, col2) AS (SELECT * FROM
  VALUES
    (1, 0, 5),
    (2, 0, NULL),
    (3, NULL, 5),
    (4, NULL, NULL)
)
SELECT *
  FROM test_is_not_null
  WHERE col2 IS NULL
  ORDER BY id
----
2	0	NULL
4	NULL	NULL

query TTT
WITH test_is_not_null(id, col1, col2) AS (SELECT * FROM
  VALUES
    (1, 0, 5),
    (2, 0, NULL),
    (3, NULL, 5),
    (4, NULL, NULL)
)
SELECT *
  FROM test_is_not_null
  WHERE col1 IS NOT NULL OR col2 IS NULL
  ORDER BY id
----
1	0	5
2	0	NULL
4	NULL	NULL

query TTT
WITH test_is_not_null(id, col1, col2) AS (SELECT * FROM
  VALUES
    (1, 0, 5),
    (2, 0, NULL),
    (3, NULL, 5),
    (4, NULL, NULL)
)
SELECT *
  FROM test_is_not_null
  WHERE col1 IS NOT NULL AND col2 IS NULL
  ORDER BY id
----
2	0	NULL