query T
WITH testtable AS (
    SELECT * FROM (VALUES
        (0),
        (1),
        (2),
        (3),
        (4),
        (5),
        (6),
        (7),
        (8),
        (9),
        (10)
    ) AS t(c1)
)
SELECT APPROX_PERCENTILE(c1, 0.1) FROM testtable
----
1.0

query T
WITH testtable AS (
    SELECT * FROM (VALUES
        (0),
        (1),
        (2),
        (3),
        (4),
        (5),
        (6),
        (7),
        (8),
        (9),
        (10)
    ) AS t(c1)
)
SELECT APPROX_PERCENTILE(c1, 0.5) FROM testtable
----
5.0

query T
WITH testtable AS (
    SELECT * FROM (VALUES
        (0),
        (1),
        (2),
        (3),
        (4),
        (5),
        (6),
        (7),
        (8),
        (9),
        (10)
    ) AS t(c1)
)
SELECT APPROX_PERCENTILE(c1, 0.999) FROM testtable
----
9.99
