query TTTTT
with test_boolean_agg(id, c1, c2, c3, c4) as (
    select * from values
    (1, true, true,  true,  false),
    (2, true, false, false, false),
    (3, true, true,  false, false),
    (4, true, false, false, false)
)
select * from test_boolean_agg
----
1	TRUE	TRUE	TRUE	FALSE
2	TRUE	FALSE	FALSE	FALSE
3	TRUE	TRUE	FALSE	FALSE
4	TRUE	FALSE	FALSE	FALSE

query TTTT
with test_boolean_agg(id, c1, c2, c3, c4) as (
    select * from values
    (1, true, true,  true,  false),
    (2, true, false, false, false),
    (3, true, true,  false, false),
    (4, true, false, false, false)
)
select boolor_agg(c1), boolor_agg(c2), boolor_agg(c3), boolor_agg(c4)
    from test_boolean_agg
----
TRUE	TRUE	TRUE	FALSE

query TTTTT
with test_boolean_agg(id, c1, c2, c3, c4) as (
    select * from values
    (-4, false, false, false, true),
    (-3, false, true,  true,  true),
    (-2, false, false, true,  true),
    (-1, false, true,  true,  true),
    (1, true, true,  true,  false),
    (2, true, false, false, false),
    (3, true, true,  false, false),
    (4, true, false, false, false)
)
select * 
    from test_boolean_agg
    order by id
----
-4	FALSE	FALSE	FALSE	TRUE
-3	FALSE	TRUE	TRUE	TRUE
-2	FALSE	FALSE	TRUE	TRUE
-1	FALSE	TRUE	TRUE	TRUE
1	TRUE	TRUE	TRUE	FALSE
2	TRUE	FALSE	FALSE	FALSE
3	TRUE	TRUE	FALSE	FALSE
4	TRUE	FALSE	FALSE	FALSE

query TTTTT
with test_boolean_agg(id, c1, c2, c3, c4) as (
    select * from values
    (-4, false, false, false, true),
    (-3, false, true,  true,  true),
    (-2, false, false, true,  true),
    (-1, false, true,  true,  true),
    (1, true, true,  true,  false),
    (2, true, false, false, false),
    (3, true, true,  false, false),
    (4, true, false, false, false)
)
select 
      id,
      boolor_agg(c1) OVER (PARTITION BY (id > 0)),
      boolor_agg(c2) OVER (PARTITION BY (id > 0)),
      boolor_agg(c3) OVER (PARTITION BY (id > 0)),
      boolor_agg(c4) OVER (PARTITION BY (id > 0))
    from test_boolean_agg
    order by id
----
-4	FALSE	TRUE	TRUE	TRUE
-3	FALSE	TRUE	TRUE	TRUE
-2	FALSE	TRUE	TRUE	TRUE
-1	FALSE	TRUE	TRUE	TRUE
1	TRUE	TRUE	TRUE	FALSE
2	TRUE	TRUE	TRUE	FALSE
3	TRUE	TRUE	TRUE	FALSE
4	TRUE	TRUE	TRUE	FALSE