query TT
WITH orders AS (
  SELECT * FROM VALUES
    (32123, 'O', 'Clerk#000000321', 321.23),
    (41445, 'F', 'Clerk#000000386', 1041445.00),
    (55937, 'O', 'Clerk#000000114', 1055937.00),
    (67781, 'F', 'Clerk#000000521', 1067781.00),
    (80550, 'O', 'Clerk#000000411', 1080550.00),
    (95808, 'F', 'Clerk#000000136', 1095808.00),
    (101700, 'O', 'Clerk#000000220', 1101700.00),
    (103136, 'F', 'Clerk#000000508', 1103136.00)
  AS t(o_orderkey, o_orderstatus, o_clerk, o_totalprice)
)
SELECT o_orderstatus,
   LISTAGG(o_clerk, ', ')
     WITHIN GROUP (ORDER BY o_totalprice DESC)
  FROM orders
  WHERE o_totalprice > 520000
  GROUP BY o_orderstatus
----
F	Clerk#000000508, Clerk#000000136, Clerk#000000521, Clerk#000000386
O	Clerk#000000220, Clerk#000000411, Clerk#000000114

query T
WITH orders AS (
  SELECT * FROM VALUES
    (32123, 'O', 'Clerk#000000321', 321.23),
    (41445, 'F', 'Clerk#000000386', 1041445.00),
    (55937, 'O', 'Clerk#000000114', 1055937.00),
    (67781, 'F', 'Clerk#000000521', 1067781.00),
    (80550, 'O', 'Clerk#000000411', 1080550.00),
    (95808, 'F', 'Clerk#000000136', 1095808.00),
    (101700, 'O', 'Clerk#000000220', 1101700.00),
    (103136, 'F', 'Clerk#000000508', 1103136.00)
  AS t(o_orderkey, o_orderstatus, o_clerk, o_totalprice)
)
SELECT LISTAGG(DISTINCT o_orderstatus, '|')
  FROM orders
  WHERE o_totalprice > 520000
----
<REGEX>:^(?=.*\bF\b)(?=.*\bO\b)[FO|]{3}$


query T
WITH collation_demo AS (
  SELECT * FROM VALUES
    ('piña colada'),
    ('Pinatubo (Mount)'),
    ('pint'),
    ('Pinta')
  AS t(spanish_phrase)
)
SELECT LISTAGG(spanish_phrase, '|')
    WITHIN GROUP (ORDER BY spanish_phrase) AS utf8_collation
  FROM collation_demo
----
piña colada|Pinatubo (Mount)|pint|Pinta