query T
with aggr(k, v) as (
    select * from values
    (1, 10.00),
    (1, 10.00),
    (1, 10.00),
    (1, 10.00),
    (1, 20.00),
    (1, 21.00),
    (2, 20.00),
    (2, 20.00),
    (2, 25.00),
    (2, 30.00),
    (3, null)
)
select mode(v) from aggr
----
10

query TT
with aggr(k, v) as (
    select * from values
    (1, 10.00),
    (1, 10.00),
    (1, 10.00),
    (1, 10.00),
    (1, 20.00),
    (1, 21.00),
    (2, 20.00),
    (2, 20.00),
    (2, 25.00),
    (2, 30.00),
    (3, null)
)
select k, mode(v) 
    from aggr 
    group by k
    order by k
----
1	10
2	20
3	NULL

query TTT
with aggr(k, v) as (
    select * from values
    (1, 10.00),
    (1, 10.00),
    (1, 10.00),
    (1, 10.00),
    (1, 20.00),
    (1, 21.00),
    (2, 20.00),
    (2, 20.00),
    (2, 25.00),
    (2, 30.00),
    (3, null)
)
select k, v, mode(v) over (partition by k) 
    from aggr 
    order by k, v
----
1	10	10
1	10	10
1	10	10
1	10	10
1	20	10
1	21	10
2	20	20
2	20	20
2	25	20
2	30	20
3	NULL	NULL