statement ok
WITH t1 AS (
  SELECT column1 AS c1 FROM VALUES
    (6),
    (10),
    (14)
)
SELECT STDDEV(c1) FROM t1;

query T
WITH t1 AS (
  SELECT column1 AS c1 FROM VALUES
    (6),
    (10),
    (14)
)
SELECT STDDEV_SAMP(c1) FROM t1
----
4.0

statement ok
WITH menu_items AS (
  SELECT * FROM VALUES
    (1,'Beverage','Bottled Soda',0.500,3.00),
    (2,'Beverage','Bottled Water',0.500,2.00),
    (3,'Main','Breakfast Crepe',5.00,12.00),
    (4,'Main','Buffalo Mac & Cheese',6.00,10.00),
    (5,'Main','Chicago Dog',4.00,9.00),
    (6,'Main','Chicken Burrito',3.2500,12.500),
    (7,'Main','Chicken Pot Pie Crepe',6.00,15.00),
    (8,'Main','Combination Curry',9.00,15.00),
    (9,'Main','Combo Fried Rice',5.00,11.00),
    (10,'Main','Combo Lo Mein',6.00,13.00),
    (11,'Main','Coney Dog',5.00,10.00),
    (12,'Main','Creamy Chicken Ramen',8.00,17.2500),
    (13,'Snack','Crepe Suzette',4.00,9.00),
    (14,'Main','Fish Burrito',3.7500,12.500),
    (15,'Snack','Fried Pickles',1.2500,6.00),
    (16,'Snack','Greek Salad',4.00,11.00),
    (17,'Main','Gyro Plate',8.00,12.00),
    (18,'Main','Hot Ham & Cheese',7.00,11.00),
    (19,'Dessert','Ice Cream Sandwich',1.00,4.00),
    (20,'Beverage','Iced Tea',0.7500,3.00),
    (21,'Main','Italian',6.00,11.00),
    (22,'Main','Lean Beef Tibs',6.00,13.00),
    (23,'Main','Lean Burrito Bowl',3.500,12.500),
    (24,'Main','Lean Chicken Tibs',5.00,11.00),
    (25,'Main','Lean Chicken Tikka Masala',10.00,17.00),
    (26,'Beverage','Lemonade',0.6500,3.500),
    (27,'Main','Lobster Mac & Cheese',10.00,15.00),
    (28,'Dessert','Mango Sticky Rice',1.2500,5.00),
    (29,'Main','Miss Piggie',2.600,6.00),
    (30,'Main','Mothers Favorite',4.500,12.00),
    (31,'Main','New York Dog',4.00,8.00),
    (32,'Main','Pastrami',8.00,11.00),
    (33,'Dessert','Popsicle',0.500,3.00),
    (34,'Main','Pulled Pork Sandwich',7.00,12.00),
    (35,'Main','Rack of Pork Ribs',11.2500,21.00),
    (36,'Snack','Seitan Buffalo Wings',4.00,7.00),
    (37,'Main','Spicy Miso Vegetable Ramen',7.00,17.2500),
    (38,'Snack','Spring Mix Salad',2.2500,6.00),
    (39,'Main','Standard Mac & Cheese',3.00,8.00),
    (40,'Dessert','Sugar Cone',2.500,6.00),
    (41,'Main','Tandoori Mixed Grill',11.00,18.00),
    (42,'Main','The Classic',4.00,12.00),
    (43,'Main','The King Combo',12.00,20.00),
    (44,'Main','The Kitchen Sink',6.00,14.00),
    (45,'Main','The Original',1.500,5.00),
    (46,'Main','The Ranch',2.400,6.00),
    (47,'Main','The Salad of All Salads',6.00,12.00),
    (48,'Main','Three Meat Plate',10.00,17.00),
    (49,'Main','Three Taco Combo Plate',7.00,11.00),
    (50,'Main','Tonkotsu Ramen',7.00,17.2500),
    (51,'Main','Two Meat Plate',9.00,14.00),
    (52,'Dessert','Two Scoop Bowl',3.00,7.00),
    (53,'Main','Two Taco Combo Plate',6.00,9.00),
    (54,'Main','Veggie Burger',5.00,9.00),
    (55,'Main','Veggie Combo',4.00,9.00),
    (56,'Main','Veggie Taco Bowl',6.00,10.00),
    (57,'Dessert','Waffle Cone',2.500,6.00),
    (58,'Main','Wonton Soup',2.00,6.00),
    (59,'Main','Mini Pizza',null,null),
    (60,'Main','Large Pizza',null,null)
  AS menu_items(menu_id, menu_category, menu_item_name, menu_cogs_usd, menu_price_usd)
)
SELECT menu_category, STDDEV(menu_cogs_usd) stddev_cogs, STDDEV(menu_price_usd) stddev_price
  FROM menu_items
  WHERE menu_category='Dessert'
  GROUP BY 1;

query TTT
WITH menu_items AS (
  SELECT * FROM VALUES
    (1,'Beverage','Bottled Soda',0.500,3.00),
    (2,'Beverage','Bottled Water',0.500,2.00),
    (3,'Main','Breakfast Crepe',5.00,12.00),
    (4,'Main','Buffalo Mac & Cheese',6.00,10.00),
    (5,'Main','Chicago Dog',4.00,9.00),
    (6,'Main','Chicken Burrito',3.2500,12.500),
    (7,'Main','Chicken Pot Pie Crepe',6.00,15.00),
    (8,'Main','Combination Curry',9.00,15.00),
    (9,'Main','Combo Fried Rice',5.00,11.00),
    (10,'Main','Combo Lo Mein',6.00,13.00),
    (11,'Main','Coney Dog',5.00,10.00),
    (12,'Main','Creamy Chicken Ramen',8.00,17.2500),
    (13,'Snack','Crepe Suzette',4.00,9.00),
    (14,'Main','Fish Burrito',3.7500,12.500),
    (15,'Snack','Fried Pickles',1.2500,6.00),
    (16,'Snack','Greek Salad',4.00,11.00),
    (17,'Main','Gyro Plate',8.00,12.00),
    (18,'Main','Hot Ham & Cheese',7.00,11.00),
    (19,'Dessert','Ice Cream Sandwich',1.00,4.00),
    (20,'Beverage','Iced Tea',0.7500,3.00),
    (21,'Main','Italian',6.00,11.00),
    (22,'Main','Lean Beef Tibs',6.00,13.00),
    (23,'Main','Lean Burrito Bowl',3.500,12.500),
    (24,'Main','Lean Chicken Tibs',5.00,11.00),
    (25,'Main','Lean Chicken Tikka Masala',10.00,17.00),
    (26,'Beverage','Lemonade',0.6500,3.500),
    (27,'Main','Lobster Mac & Cheese',10.00,15.00),
    (28,'Dessert','Mango Sticky Rice',1.2500,5.00),
    (29,'Main','Miss Piggie',2.600,6.00),
    (30,'Main','Mothers Favorite',4.500,12.00),
    (31,'Main','New York Dog',4.00,8.00),
    (32,'Main','Pastrami',8.00,11.00),
    (33,'Dessert','Popsicle',0.500,3.00),
    (34,'Main','Pulled Pork Sandwich',7.00,12.00),
    (35,'Main','Rack of Pork Ribs',11.2500,21.00),
    (36,'Snack','Seitan Buffalo Wings',4.00,7.00),
    (37,'Main','Spicy Miso Vegetable Ramen',7.00,17.2500),
    (38,'Snack','Spring Mix Salad',2.2500,6.00),
    (39,'Main','Standard Mac & Cheese',3.00,8.00),
    (40,'Dessert','Sugar Cone',2.500,6.00),
    (41,'Main','Tandoori Mixed Grill',11.00,18.00),
    (42,'Main','The Classic',4.00,12.00),
    (43,'Main','The King Combo',12.00,20.00),
    (44,'Main','The Kitchen Sink',6.00,14.00),
    (45,'Main','The Original',1.500,5.00),
    (46,'Main','The Ranch',2.400,6.00),
    (47,'Main','The Salad of All Salads',6.00,12.00),
    (48,'Main','Three Meat Plate',10.00,17.00),
    (49,'Main','Three Taco Combo Plate',7.00,11.00),
    (50,'Main','Tonkotsu Ramen',7.00,17.2500),
    (51,'Main','Two Meat Plate',9.00,14.00),
    (52,'Dessert','Two Scoop Bowl',3.00,7.00),
    (53,'Main','Two Taco Combo Plate',6.00,9.00),
    (54,'Main','Veggie Burger',5.00,9.00),
    (55,'Main','Veggie Combo',4.00,9.00),
    (56,'Main','Veggie Taco Bowl',6.00,10.00),
    (57,'Dessert','Waffle Cone',2.500,6.00),
    (58,'Main','Wonton Soup',2.00,6.00),
    (59,'Main','Mini Pizza',null,null),
    (60,'Main','Large Pizza',null,null)
  AS menu_items(menu_id, menu_category, menu_item_name, menu_cogs_usd, menu_price_usd)
)
SELECT menu_category, menu_cogs_usd,
    STDDEV(menu_cogs_usd) OVER(PARTITION BY menu_category) stddev_cogs
  FROM menu_items
  GROUP BY 1,2
  ORDER BY menu_category
----
Beverage	0.75	0.12583057378872592
Beverage	0.50	0.12583057378872592
Beverage	0.65	0.12583057378872592
Dessert	1.00	1.0547511554864493
Dessert	3.00	1.0547511554864493
Dessert	1.25	1.0547511554864493
Dessert	0.50	1.0547511554864493
Dessert	2.50	1.0547511554864493
Main	11.00	3.444051571637684
Main	4.00	3.444051571637684
Main	8.00	3.444051571637684
Main	3.50	3.444051571637684
Main	10.00	3.444051571637684
Main	2.00	3.444051571637684
Main	5.00	3.444051571637684
Main	4.50	3.444051571637684
Main	2.60	3.444051571637684
Main	1.50	3.444051571637684
Main	2.40	3.444051571637684
Main	3.25	3.444051571637684
Main	6.00	3.444051571637684
Main	7.00	3.444051571637684
Main	3.00	3.444051571637684
Main	9.00	3.444051571637684
Main	NULL	3.444051571637684
Main	12.00	3.444051571637684
Main	11.25	3.444051571637684
Main	3.75	3.444051571637684
Snack	4.00	1.3919410907075054
Snack	1.25	1.3919410907075054
Snack	2.25	1.3919410907075054