exclude-from-coverage
statement ok
CREATE OR REPLACE TABLE sum_example(k INT, d DECIMAL(10,5),
                                    s1 VARCHAR(10), s2 VARCHAR(10));

exclude-from-coverage
statement ok
INSERT INTO sum_example VALUES
  (1, 1.1, '1.1','one'),
  (1, 10, '10','ten'),
  (2, 2.2, '2.2','two'),
  (2, null, null,'null'),
  (3, null, null, 'null'),
  (null, 9, '9.9','nine');

query TT
SELECT SUM(d), SUM(CAST(s1 AS DECIMAL(10,5))) FROM sum_example
----
22.30000	23.20000

query TTT
SELECT k, SUM(d), SUM(CAST(s1 AS DECIMAL(10,5))) FROM sum_example GROUP BY k
----
1	11.10000	11.10000
2	2.20000	2.20000
NULL	9.00000	9.90000
3	NULL	NULL

statement error
SELECT SUM(CAST(s2 AS DECIMAL(10,5))) FROM sum_example
----
100038 (22018): Numeric value 'one' is not recognized

exclude-from-coverage
statement ok
CREATE OR REPLACE TABLE example_cumulative (p INT, o INT, i INT);

exclude-from-coverage
statement ok
INSERT INTO example_cumulative VALUES
    (  0, 1, 10), (0, 2, 20), (0, 3, 30),
    (100, 1, 10),(100, 2, 30),(100, 2, 5),(100, 3, 11),(100, 3, 120),
    (200, 1, 10000),(200, 1, 200),(200, 1, 808080),(200, 2, 33333),(200, 3, null), (200, 3, 4),
    (300, 1, null), (300, 1, null);

query TTTTTTTT
SELECT
    p, o, i,
    COUNT(i) OVER (PARTITION BY p ORDER BY o ROWS BETWEEN UNBOUNDED PRECEDING AND CURRENT ROW) count_i_Rows_Pre,
    SUM(i)   OVER (PARTITION BY p ORDER BY o ROWS BETWEEN UNBOUNDED PRECEDING AND CURRENT ROW) sum_i_Rows_Pre,
    AVG(i)   OVER (PARTITION BY p ORDER BY o ROWS BETWEEN UNBOUNDED PRECEDING AND CURRENT ROW) avg_i_Rows_Pre,
    MIN(i)   OVER (PARTITION BY p ORDER BY o ROWS BETWEEN UNBOUNDED PRECEDING AND CURRENT ROW) min_i_Rows_Pre,
    MAX(i)   OVER (PARTITION BY p ORDER BY o ROWS BETWEEN UNBOUNDED PRECEDING AND CURRENT ROW) max_i_Rows_Pre
  FROM example_cumulative
  ORDER BY p,o
----
0	1	10	1	10	10.000	10	10
0	2	20	2	30	15.000	10	20
0	3	30	3	60	20.000	10	30
100	1	10	1	10	10.000	10	10
100	2	30	2	40	20.000	10	30
100	2	5	3	45	15.000	5	30
100	3	11	4	56	14.000	5	30
100	3	120	5	176	35.200	5	120
200	1	10000	1	10000	10000.000	10000	10000
200	1	200	2	10200	5100.000	200	10000
200	1	808080	3	818280	272760.000	200	808080
200	2	33333	4	851613	212903.250	200	808080
200	3	NULL	4	851613	212903.250	200	808080
200	3	4	5	851617	170323.400	4	808080
300	1	NULL	0	NULL	NULL	NULL	NULL
300	1	NULL	0	NULL	NULL	NULL	NULL

exclude-from-coverage
statement ok
CREATE OR REPLACE TABLE simple (x INTEGER, y INTEGER);

exclude-from-coverage
statement ok
INSERT INTO simple (x, y) VALUES
    (10, 20),
    (20, 44),
    (30, 70);

query T
SELECT SUM(x)
    FROM simple
----
60

