query TT
WITH test_boolean(b, n, s) AS (
  SELECT * FROM VALUES
    (true, 1, 'yes'),
    (false, 0, 'no'),
    (null, null, null)
)
SELECT s, TO_BOOLEAN(s) FROM test_boolean
----
yes	TRUE
no	FALSE
NULL	NULL

query TT
WITH test_boolean(b, n, s) AS (
  SELECT * FROM VALUES
    (true, 1, 'yes'),
    (false, 0, 'no'),
    (null, null, null)
)
SELECT n, TO_BOOLEAN(n) FROM test_boolean
----
1	TRUE
0	FALSE
NULL	NULL

