# Modified due to difference in decimal logic
query TTTTTTT
WITH convert_numbers_to_strings AS (
  SELECT * FROM VALUES
    (-12.391),
    (0),
    (-1),
    (0.10),
    (0.01),
    (3987),
    (1.111)
  AS t(column1)
)
SELECT column1 AS orig_value,
       TO_CHAR(column1, '">"$99.0"<"') AS D2_1,
       TO_CHAR(column1, '">"B9,999.0"<"') AS D4_1,
       TO_CHAR(column1, '">"TME"<"') AS TME,
       TO_CHAR(column1, '">"TM9"<"') AS TM9,
       TO_CHAR(column1, '">"0XXX"<"') AS X4,
       TO_CHAR(column1, '">"S0XXX"<"') AS SX4
FROM convert_numbers_to_strings;
----
-12.391	>-$12.4<	>   -12.4<	>-1.2391E1<	>-12.391<	>000C<	>-000C<
0.000	> $0.0<	>      .0<	>0E0<	>0<	>0000<	>+0000<
-1.000	>-$1.0<	>   -1.0<	>-1.0000E0<	>-1<	>0001<	>-0001<
0.100	> $0.1<	>     0.1<	>1.0000E-1<	>0.1<	>0000<	>+0000<
0.010	> $0.0<	>     0.0<	>1.0000E-2<	>0.01<	>0000<	>+0000<
3987.000	> $3987.0<	> 3987.0<	>3.9870E3<	>3987<	>0F93<	>+0F93<
1.111	> $1.1<	>     1.1<	>1.1110E0<	>1.111<	>0001<	>+0001<

# Modified due to difference in decimal logic
query T
SELECT TO_VARCHAR(LOG(3,4))
----
1.2618595

query T
SELECT TO_VARCHAR('2024-04-05 01:02:03'::TIMESTAMP, 'mm/dd/yyyy, hh24:mi hours')
----
04/05/2024, 01:02 hours

query T
SELECT TO_VARCHAR('03-April-2024'::DATE)
----
2024-04-03

query T
SELECT TO_VARCHAR('03-April-2024'::DATE, 'yyyy.mm.dd')
----
2024.04.03

query T
SELECT TO_VARCHAR('2024-04-05'::DATE, 'mon dd, yyyy')
----
Apr 05, 2024
