statement error
WITH number_conv AS (
  SELECT column1 as expr FROM VALUES ('12.3456'), ('98.76546')
)
SELECT expr, TO_NUMBER(expr, 10, 9) FROM number_conv
----
000200: Arrow error: Invalid argument error: 12345600000 is too large to store in a Decimal128 of precision 10. Max is 9999999999

query TTTT
WITH input_values AS (
  SELECT column1 FROM VALUES ('1.0'), ('-12.3'), ('0.0'), ('- 0.1')
)
SELECT column1,
       TO_DECIMAL(column1, '99.9') as D0,
       TO_DECIMAL(column1, '99.9', 9, 5) as D5,
       TO_DECIMAL(column1, 'TM9', 9, 5) as TD5
FROM input_values
----
1.0	1	1.00000	1.00000
-12.3	-12	-12.30000	-12.30000
0.0	0	0.00000	0.00000
- 0.1	0	-0.10000	-0.10000

query TT
SELECT column1,
       TO_DECIMAL(column1, '9,999.99', 6, 2) as convert_number
  FROM VALUES ('3,741.72')
----
3,741.72	3741.72

query TT
SELECT column1,
       TO_DECIMAL(column1, '$9,999.99', 6, 2) as convert_currency
  FROM VALUES ('$3,741.72')
----
$3,741.72	3741.72

statement error
SELECT TO_DECIMAL('ae5', 'XXX')
----
000200: Arrow error: Cast error: Cannot cast string 'ae5' to value of Decimal128(38, 10) type

statement error
SELECT TO_DECIMAL('ae5', 'XX')
----
000200: Arrow error: Cast error: Cannot cast string 'ae5' to value of Decimal128(38, 10) type

