query TT
SELECT CEIL(135.135), CEIL(-975.975)
----
136	-975

query TTT
WITH test_ceiling AS (
  SELECT * FROM VALUES
    (-975.975, -1),
    (-975.975,  0),
    (-975.975,  2),
    ( 135.135, -2),
    ( 135.135,  0),
    ( 135.135,  1),
    ( 135.135,  3),
    ( 135.135, 50),
    ( 135.135, NULL)
  AS t(n, scale)
)
SELECT n, scale, CEIL(n, scale)
  FROM test_ceiling
  ORDER BY n, scale
----
-975.975	-1	-970.000
-975.975	0	-975.000
-975.975	2	-975.970
135.135	-2	200.000
135.135	0	136.000
135.135	1	135.200
135.135	3	135.135
135.135	50	135.135
135.135	NULL	NULL