query TT
SELECT ROUND(135.135), ROUND(-975.975)
----
135	-976

query TTT
WITH test_ceiling AS (
  SELECT * FROM VALUES
    (-975.975, -1),
    (-975.975, 0),
    (-975.975, 2),
    (135.135, -2),
    (135.135, 0),
    (135.135, 1),
    (135.135, 3),
    (135.135, 50),
    (135.135, NULL)
  AS t(n, scale)
)
SELECT n, scale, ROUND(n, scale)
  FROM test_ceiling
  ORDER BY n, scale
----
-975.975	-1	-980.000
-975.975	0	-976.000
-975.975	2	-975.980
135.135	-2	100.000
135.135	0	135.000
135.135	1	135.100
135.135	3	135.135
135.135	50	135.135
135.135	NULL	NULL

query TT
SELECT ROUND(2.5, 0), ROUND(2.5, 0, 'HALF_TO_EVEN')
----
3	2

query TT
SELECT ROUND(-2.5, 0), ROUND(2.5, 0, 'HALF_TO_EVEN')
----
-3	2

query T
SELECT ROUND(
  EXPR => -2.5,
  SCALE => 0)
----
-3

query T
SELECT ROUND(
  EXPR => -2.5,
  SCALE => 0,
  ROUNDING_MODE => 'HALF_TO_EVEN')
----
-2

query TTTT
WITH rnd1 AS (
  SELECT * FROM VALUES
      (-10.005::FLOAT, -10.005::DECIMAL(10, 3)),
      ( -1.005::FLOAT,  -1.005::DECIMAL(10, 3)),
      (  1.005::FLOAT,   1.005::DECIMAL(10, 3)),
      ( 10.005::FLOAT,  10.005::DECIMAL(10, 3))
  AS t(f, d)
)
SELECT f, ROUND(f, 2),
       d, ROUND(d, 2)
  FROM rnd1
  ORDER BY 1
----
-10.005	-10.01	-10.005	-10.01
-1.005	-1.0	-1.005	-1.01
1.005	1.0	1.005	1.01
10.005	10.01	10.005	10.01