query TT
WITH numeric_trunc_demo(n, scale) AS (SELECT * FROM
  VALUES
    (-975.975, -1), (-975.975, 0), (-975.975, 2),
    (135.135, -2), (135.135, 0), (135.135, 1),
    (135.135, 3), (135.135, 50), (135.135, NULL)
)
SELECT DISTINCT n, TRUNCATE(n)
FROM numeric_trunc_demo ORDER BY n
----
-975.975	-975
135.135	135

query TTT
WITH numeric_trunc_demo(n, scale) AS (SELECT * FROM
  VALUES
    (-975.975, -1), (-975.975, 0), (-975.975, 2),
    (135.135, -2), (135.135, 0), (135.135, 1),
    (135.135, 3), (135.135, 50), (135.135, NULL)
)
SELECT n, scale, TRUNC(n, scale)
FROM numeric_trunc_demo ORDER BY n, scale
----
-975.975	-1	-970.000
-975.975	0	-975.000
-975.975	2	-975.970
135.135	-2	100.000
135.135	0	135.000
135.135	1	135.100
135.135	3	135.135
135.135	50	135.135
135.135	NULL	NULL