exclude-from-coverage
statement ok
CREATE OR REPLACE TABLE numeric_trunc_demo (n FLOAT, scale INTEGER);

exclude-from-coverage
statement ok
INSERT INTO numeric_trunc_demo (n, scale) VALUES
   (-975.975, -1), (-975.975,  0), (-975.975,  2),
   ( 135.135, -2), ( 135.135,  0), ( 135.135,  1),
   ( 135.135,  3), ( 135.135, 50), ( 135.135, NULL);

query TT
SELECT DISTINCT n, TRUNCATE(n)
  FROM numeric_trunc_demo ORDER BY n
----
-975.975	-975.0
135.135	135.0

query TTT
SELECT n, scale, TRUNC(n, scale)
  FROM numeric_trunc_demo ORDER BY n, scale
----
-975.975	-1	-970.0
-975.975	0	-975.0
-975.975	2	-975.97
135.135	-2	100.0
135.135	0	135.0
135.135	1	135.1
135.135	3	135.135
135.135	50	135.135
135.135	NULL	NULL

