query TTTTTT
SELECT * FROM TABLE(FLATTEN(input => parse_json('[1, ,77]'))) f
----
1	NULL	'[0]'	0	1	'[1,null,77]'
1	NULL	'[2]'	2	77	'[1,null,77]'

query TTTTTT
SELECT * FROM TABLE(FLATTEN(input => parse_json('{"a":1, "b":[77,88]}'), outer => true)) f
----
1	a	a	NULL	1	'{"a":1,"b":[77,88]}'
1	b	b	NULL	'[77,88]'	'{"a":1,"b":[77,88]}'

query TTTTTT
SELECT * FROM TABLE(FLATTEN(input => parse_json('{"a":1, "b":[77,88]}'), path => 'b')) f
----
1	NULL	b[0]	0	77	'[77,88]'
1	NULL	b[1]	1	88	'[77,88]'

query TTTTTT
SELECT * FROM TABLE(FLATTEN(input => parse_json('[]'))) f
----


query TTTTTT
SELECT * FROM TABLE(FLATTEN(input => parse_json('[]'), outer => true)) f
----
1	NULL	''	NULL	NULL	'[]'

query TTTTTT
SELECT * FROM TABLE(FLATTEN(input => parse_json('{"a":1, "b":[77,88], "c": {"d":"X"}}'))) f
----
1	a	a	NULL	1	'{"a":1,"b":[77,88],"c":{"d":"X"}}'
1	b	b	NULL	'[77,88]'	'{"a":1,"b":[77,88],"c":{"d":"X"}}'
1	c	c	NULL	'{"d":"X"}'	'{"a":1,"b":[77,88],"c":{"d":"X"}}'

query TTTTTT
SELECT * FROM TABLE(FLATTEN(input => parse_json('{"a":1, "b":[77,88], "c": {"d":"X"}}'),
                            recursive => true )) f
----
1	a	a	NULL	1	'{"a":1,"b":[77,88],"c":{"d":"X"}}'
1	b	b	NULL	'[77,88]'	'{"a":1,"b":[77,88],"c":{"d":"X"}}'
1	NULL	b[0]	0	77	'[77,88]'
1	NULL	b[1]	1	88	'[77,88]'
1	c	c	NULL	'{"d":"X"}'	'{"a":1,"b":[77,88],"c":{"d":"X"}}'
1	d	c.d	NULL	"X"	'{"d":"X"}'

query TTTTTT
SELECT * FROM TABLE(FLATTEN(input => parse_json('{"a":1, "b":[77,88], "c": {"d":"X"}}'),
                            recursive => true, mode => 'object' )) f
----
1	a	a	NULL	1	'{"a":1,"b":[77,88],"c":{"d":"X"}}'
1	b	b	NULL	'[77,88]'	'{"a":1,"b":[77,88],"c":{"d":"X"}}'
1	c	c	NULL	'{"d":"X"}'	'{"a":1,"b":[77,88],"c":{"d":"X"}}'
1	d	c.d	NULL	"X"	'{"d":"X"}'

exclude-from-coverage
statement ok
create or replace table persons as
    select column1 as id, parse_json(column2) as c
 from values
   (12712555,
   '{ name:  { first: "John", last: "Smith"},
     contact: [
     { business:[
       { type: "phone", content:"555-1234" },
       { type: "email", content:"j.smith@company.com" } ] } ] }'),
   (98127771,
   '{ name:  { first: "Jane", last: "Doe"},
     contact: [
     { business:[
       { type: "phone", content:"555-1236" },
       { type: "email", content:"j.doe@company.com" } ] } ] }') v;

query TTTT
SELECT id as "ID",
   f.value AS "Contact",
   f1.value:type AS "Type",
   f1.value:content AS "Details"
 FROM persons p,
   lateral flatten(input => p.c, path => 'contact') f,
   lateral flatten(input => f.value:business) f1;
----
12712555	'{"business":[{"content":"555-1234","type":"phone"},{"content":"j.smith@company.com","type":"email"}]}'	"phone"	"555-1234"
12712555	'{"business":[{"content":"555-1234","type":"phone"},{"content":"j.smith@company.com","type":"email"}]}'	"email"	"j.smith@company.com"
98127771	'{"business":[{"content":"555-1236","type":"phone"},{"content":"j.doe@company.com","type":"email"}]}'	"phone"	"555-1236"
98127771	'{"business":[{"content":"555-1236","type":"phone"},{"content":"j.doe@company.com","type":"email"}]}'	"email"	"j.doe@company.com"

