query T
SELECT NULLIFZERO(0)
----
NULL

query T
SELECT NULLIFZERO(52)
----
52

query T
SELECT NULLIFZERO(3.14159)
----
3.14159

