query T
SELECT column1 AS value FROM VALUES (1), (2), (3)
----
1
2
3

query T
SELECT * FROM TABLE(RESULT_SCAN(LAST_QUERY_ID())) WHERE value > 1;
----
2
3

