query T
WITH table1 AS (
  SELECT value FROM TABLE(SPLIT_TO_TABLE('a.b', '.'))
)
SELECT table1.value
FROM table1
ORDER BY table1.value
----
a
b

query TTTT
WITH splittable AS (
  SELECT column1 AS v FROM (VALUES ('a.b.c'), ('d'), (''))
)
SELECT *
FROM splittable, LATERAL SPLIT_TO_TABLE(splittable.v, '.')
ORDER BY SEQ, INDEX
----
a.b.c	1	1	a
a.b.c	1	2	b
a.b.c	1	3	c
d	2	1	d
''	3	1	''

query TT
WITH authors_books_test AS (
  SELECT column1 AS author, column2 AS titles FROM (VALUES
    ('Nathaniel Hawthorne', 'The Scarlet Letter , The House of the Seven Gables,The Blithedale Romance'),
    ('Herman Melville', 'Moby Dick,The Confidence-Man')
  )
)
SELECT author, TRIM(value) AS title
FROM authors_books_test, LATERAL SPLIT_TO_TABLE(titles, ',')
ORDER BY author
----
Herman Melville	Moby Dick
Herman Melville	The Confidence-Man
Nathaniel Hawthorne	The Scarlet Letter
Nathaniel Hawthorne	The House of the Seven Gables
Nathaniel Hawthorne	The Blithedale Romance