
query T
WITH data AS (
  SELECT 'a.b' AS str
)
SELECT table1.value
  FROM data, TABLE(STRTOK_SPLIT_TO_TABLE(data.str, '.')) AS table1
  ORDER BY table1.value
----
a
b

query TTTT
WITH splittable_strtok AS (
  SELECT * FROM VALUES
    ('a b'),
    ('cde'),
    ('f|g'),
    ('')
  AS splittable_strtok(v)
)
SELECT *
  FROM splittable_strtok, LATERAL STRTOK_SPLIT_TO_TABLE(splittable_strtok.v, ' ')
  ORDER BY SEQ, INDEX
----
a b	1	1	a
a b	1	2	b
cde	2	1	cde
f|g	3	1	f|g

query TTTT
WITH splittable_strtok AS (
  SELECT * FROM VALUES
    ('a b'),
    ('cde'),
    ('f|g'),
    ('')
  AS splittable_strtok(v)
)
SELECT *
  FROM splittable_strtok, LATERAL STRTOK_SPLIT_TO_TABLE(splittable_strtok.v, ' |')
  ORDER BY SEQ, INDEX
----
a b	1	1	a
a b	1	2	b
cde	2	1	cde
f|g	3	1	f
f|g	3	2	g

query TT
WITH authors_books_test2 AS (
  SELECT * FROM VALUES
    ('Nathaniel Hawthorne', 'The Scarlet Letter , The House of the Seven Gables,The Blithedale Romance'),
    ('Herman Melville', 'Moby Dick,The Confidence-Man')
  AS authors_books_test2(author, titles)
)
SELECT author, TRIM(value) AS title
  FROM authors_books_test2, LATERAL STRTOK_SPLIT_TO_TABLE(titles, ',;')
  ORDER BY author;
----
Herman Melville	Moby Dick
Herman Melville	The Confidence-Man
Nathaniel Hawthorne	The Scarlet Letter
Nathaniel Hawthorne	The House of the Seven Gables
Nathaniel Hawthorne	The Blithedale Romance
