query T
SELECT CONCAT('George Washington ', 'Carver')
----
George Washington Carver

query T
WITH concat_function_example AS (
  SELECT * FROM VALUES
    ('co', 'd', 'e'),
    ('Colorado ', 'River ', NULL)
    AS t(s1, s2, s3)
)
SELECT CONCAT(s1, s2)
  FROM concat_function_example
----
cod
Colorado River 

query T
WITH concat_function_example AS (
  SELECT * FROM VALUES
    ('co', 'd', 'e'),
    ('Colorado ', 'River ', NULL)
    AS t(s1, s2, s3)
)
SELECT CONCAT(s1, s2, s3)
  FROM concat_function_example
----
code
NULL

query T
WITH concat_function_example AS (
  SELECT * FROM VALUES
    ('co', 'd', 'e'),
    ('Colorado ', 'River ', NULL)
    AS t(s1, s2, s3)
)
SELECT CONCAT(
    IFF(s1 IS NULL, '', s1),
    IFF(s2 IS NULL, '', s2),
    IFF(s3 IS NULL, '', s3)) AS concat_non_null_strings
  FROM concat_function_example
----
code
Colorado River 

query T
SELECT 'This ' || 'is ' || 'another ' || 'concatenation ' || 'technique.'
----
This is another concatenation technique.