query T
WITH ilike_ex(name) AS (SELECT * FROM
  VALUES
    ('John  Dddoe'),
    ('Joe   Doe'),
    ('John_down'),
    ('Joe down'),
    (null)
)
SELECT *
  FROM ilike_ex
  WHERE name ILIKE '%j%h%do%'
  ORDER BY 1
----
John  Dddoe
John_down

query T
WITH ilike_ex(name) AS (SELECT * FROM
  VALUES
    ('John  Dddoe'),
    ('Joe   Doe'),
    ('John_down'),
    ('Joe down'),
    (null)
)
SELECT *
  FROM ilike_ex
  WHERE name NOT ILIKE '%j%h%do%'
  ORDER BY 1
----
Joe   Doe
Joe down

query T
WITH ilike_ex(name) AS (SELECT * FROM
  VALUES
    ('John  Dddoe'),
    ('Joe   Doe'),
    ('John_down'),
    ('Joe down'),
    (null)
)
SELECT *
  FROM ilike_ex
  WHERE name ILIKE '%j%h%^_do%' ESCAPE '^'
  ORDER BY 1
----
John_down