query T
WITH like_all_example(name) AS (SELECT * FROM
    VALUES
    ('John  Dddoe'),
    ('Joe   Doe'),
    ('John_do%wn'),
    ('Joe down'),
    ('Tom   Doe'),
    ('Tim down'),
    (null)
)
SELECT *
  FROM like_all_example
  WHERE name LIKE ALL ('%Jo%oe%','J%e')
  ORDER BY name;
----
Joe   Doe
John  Dddoe

query T
WITH like_all_example(name) AS (SELECT * FROM
    VALUES
    ('John  Dddoe'),
    ('Joe   Doe'),
    ('John_do%wn'),
    ('Joe down'),
    ('Tom   Doe'),
    ('Tim down'),
    (null)
)
SELECT *
  FROM like_all_example
  WHERE name LIKE ALL ('%Jo%oe%','J%n')
  ORDER BY name
----


query T
WITH like_all_example(name) AS (SELECT * FROM
    VALUES
    ('John  Dddoe'),
    ('Joe   Doe'),
    ('John_do%wn'),
    ('Joe down'),
    ('Tom   Doe'),
    ('Tim down'),
    (null)
)
SELECT *
  FROM like_all_example
  WHERE name LIKE ALL ('%J%h%^_do%', 'J%^%wn') ESCAPE '^'
  ORDER BY name;
----
John_do%wn