query T
WITH like_example(name) AS (
  SELECT * FROM VALUES
    ('John  Dddoe'),
    ('Joe   Doe'),
    ('John_down'),
    ('Joe down'),
    ('Tom   Doe'),
    ('Tim down'),
    (null)
)
SELECT *
  FROM like_example
  WHERE name LIKE ANY ('%Jo%oe%', 'T%e')
  ORDER BY name;
----
Joe   Doe
John  Dddoe
Tom   Doe

query T
WITH like_example(name) AS (SELECT * FROM
    VALUES
    ('John  Dddoe'),
    ('Joe   Doe'),
    ('John_down'),
    ('Joe down'),
    ('Tom   Doe'),
    ('Tim down'),
    (null)
)
SELECT *
  FROM like_example
  WHERE name LIKE ANY ('%J%h%^_do%', 'T%^%e') ESCAPE '^'
  ORDER BY name;
----
John_down