query T
WITH like_ex(name) AS (SELECT * FROM
  VALUES
    ('John  Dddoe'),
    ('John ''alias'' Doe'),
    ('Joe   Doe'),
    ('John_down'),
    ('Joe down'),
    ('Elaine'),
    (null)
)
SELECT name
  FROM like_ex
  WHERE name LIKE '%Jo%oe%'
  ORDER BY name
----
Joe   Doe
John  Dddoe
John 'alias' Doe

query T
WITH like_ex(name) AS (SELECT * FROM
  VALUES
    ('John  Dddoe'),
    ('John ''alias'' Doe'),
    ('Joe   Doe'),
    ('John_down'),
    ('Joe down'),
    ('Elaine'),
    (null)
)
SELECT name
  FROM like_ex
  WHERE name NOT LIKE '%Jo%oe%'
  ORDER BY name
----
Elaine
Joe down
John_down

query T
WITH like_ex(name) AS ( SELECT * FROM
  VALUES
    ('John  Dddoe'),
    ('John ''alias'' Doe'),
    ('Joe   Doe'),
    ('John_down'),
    ('Joe down'),
    ('Elaine'),
    (null)
)
SELECT name
  FROM like_ex
  WHERE name NOT LIKE 'John%'
  ORDER BY name
----
Elaine
Joe   Doe
Joe down

query T
WITH like_ex(name) AS ( SELECT * FROM
  VALUES
    ('John  Dddoe'),
    ('John ''alias'' Doe'),
    ('Joe   Doe'),
    ('John_down'),
    ('Joe down'),
    ('Elaine'),
    (null)
)
SELECT name
  FROM like_ex
  WHERE name NOT LIKE ''
  ORDER BY name
----
Elaine
Joe   Doe
Joe down
John  Dddoe
John 'alias' Doe
John_down

query T
WITH like_ex(name) AS ( SELECT * FROM
  VALUES
    ('John  Dddoe'),
    ('John ''alias'' Doe'),
    ('Joe   Doe'),
    ('John_down'),
    ('Joe down'),
    ('Elaine'),
    (null)
)
SELECT name
  FROM like_ex
  WHERE name LIKE '%''%'
  ORDER BY name
----
John 'alias' Doe

query T
WITH like_ex(name) AS ( SELECT * FROM
  VALUES
    ('John  Dddoe'),
    ('John ''alias'' Doe'),
    ('Joe   Doe'),
    ('John_down'),
    ('Joe down'),
    ('Elaine'),
    (null)
)
SELECT name
  FROM like_ex
  WHERE name LIKE '%J%h%^_do%' ESCAPE '^'
  ORDER BY name
----
John_down

query T
WITH like_ex(name) AS ( SELECT * FROM
  VALUES
    ('John  Dddoe'),
    ('John ''alias'' Doe'),
    ('Joe   Doe'),
    ('John_down'),
    ('Joe down'),
    ('Elaine'),
    (null),
    ('100 times'),
    ('1000 times'),
    ('100%')
)
SELECT * FROM like_ex WHERE name LIKE '100%'
  ORDER BY 1
----
100 times
100%
1000 times

query T
WITH like_ex(name) AS ( SELECT * FROM
  VALUES
    ('John  Dddoe'),
    ('John ''alias'' Doe'),
    ('Joe   Doe'),
    ('John_down'),
    ('Joe down'),
    ('Elaine'),
    (null),
    ('100 times'),
    ('1000 times'),
    ('100%')
)
SELECT * FROM like_ex WHERE name LIKE '100^%' ESCAPE '^'
  ORDER BY 1
----
100%

query T
WITH like_ex(name) AS ( SELECT * FROM
  VALUES
    ('John  Dddoe'),
    ('John ''alias'' Doe'),
    ('Joe   Doe'),
    ('John_down'),
    ('Joe down'),
    ('Elaine'),
    (null),
    ('100 times'),
    ('1000 times'),
    ('100%')
)
SELECT * FROM like_ex WHERE name LIKE '100\\%' ESCAPE '\\'
  ORDER BY 1
----
100%