query T
SELECT LTRIM('#000000123', '0#')
----
123

query TT
WITH test_ltrim_function AS (
  SELECT '  #Leading Spaces' AS column1
)
SELECT CONCAT('>', CONCAT(column1, '<')) AS original_value,
       CONCAT('>', CONCAT(LTRIM(column1), '<')) AS trimmed_value
FROM test_ltrim_function
----
>  #Leading Spaces<	>#Leading Spaces<

query TT
WITH test_ltrim_function AS (
  SELECT '  #Leading Spaces' AS column1
)
SELECT CONCAT('>', CONCAT(column1, '<')) AS original_value,
       CONCAT('>', CONCAT(LTRIM(column1, ' #'), '<')) AS trimmed_value
FROM test_ltrim_function
----
>  #Leading Spaces<	>Leading Spaces<