query T
SELECT LTRIM('#000000123', '0#')
----
123

exclude-from-coverage
statement ok
CREATE OR REPLACE TABLE test_ltrim_function(column1 VARCHAR);

exclude-from-coverage
statement ok
INSERT INTO test_ltrim_function VALUES ('  #Leading Spaces');

query TT
SELECT CONCAT('>', CONCAT(column1, '<')) AS original_value,
       CONCAT('>', CONCAT(LTRIM(column1), '<')) AS trimmed_value
  FROM test_ltrim_function
----
>  #Leading Spaces<	>#Leading Spaces<

query TT
SELECT CONCAT('>', CONCAT(column1, '<')) AS original_value,
       CONCAT('>', CONCAT(LTRIM(column1, ' #'), '<')) AS trimmed_value
  FROM test_ltrim_function
----
>  #Leading Spaces<	>Leading Spaces<

