query TT
WITH parse_url_test AS (
  SELECT * FROM VALUES
    (1, 'mailto:abc@xyz.com'),
    (2, 'https://www.snowflake.com/'),
    (3, 'http://USER:PASS@EXAMPLE.INT:4345/HELLO.PHP?USER=1'),
    (4, NULL)
  AS t(id, sample_url)
)
SELECT
  id,
  PARSE_URL(sample_url) AS parsed_url
FROM
  parse_url_test
ORDER BY
  id;
----
1	'{"fragment":null,"host":null,"parameters":null,"path":"abc@xyz.com","port":null,"query":null,"scheme":"mailto"}'
2	'{"fragment":null,"host":"www.snowflake.com","parameters":null,"path":"","port":null,"query":null,"scheme":"https"}'
3	'{"fragment":null,"host":"USER:PASS@EXAMPLE.INT","parameters":{"USER":"1"},"path":"HELLO.PHP","port":"4345","query":"USER=1","scheme":"http"}'
4	NULL

query TTT
WITH parse_url_test AS (
  SELECT * FROM VALUES
    (1, 'mailto:abc@xyz.com'),
    (2, 'https://www.snowflake.com/'),
    (3, 'http://USER:PASS@EXAMPLE.INT:4345/HELLO.PHP?USER=1'),
    (4, NULL)
  AS t(id, sample_url)
)
SELECT
  id,
  sample_url,
  PARSE_URL(sample_url):host AS host
FROM
  parse_url_test
ORDER BY
  id;
----
1	mailto:abc@xyz.com	null
2	https://www.snowflake.com/	"www.snowflake.com"
3	http://USER:PASS@EXAMPLE.INT:4345/HELLO.PHP?USER=1	"USER:PASS@EXAMPLE.INT"
4	NULL	NULL

query TT
WITH parse_url_test AS (
  SELECT * FROM VALUES
    (1, 'mailto:abc@xyz.com'),
    (2, 'https://www.snowflake.com/'),
    (3, 'http://USER:PASS@EXAMPLE.INT:4345/HELLO.PHP?USER=1'),
    (4, NULL)
  AS t(id, sample_url)
)
SELECT *
  FROM parse_url_test
  WHERE PARSE_URL(sample_url):port = '4345';
----
3	http://USER:PASS@EXAMPLE.INT:4345/HELLO.PHP?USER=1

query TT
WITH parse_url_test AS (
  SELECT * FROM VALUES
    (1, 'mailto:abc@xyz.com'),
    (2, 'https://www.snowflake.com/'),
    (3, 'http://USER:PASS@EXAMPLE.INT:4345/HELLO.PHP?USER=1'),
    (4, NULL)
  AS t(id, sample_url)
)
SELECT *
  FROM parse_url_test
  WHERE PARSE_URL(sample_url):host = 'www.snowflake.com';
----
2	https://www.snowflake.com/

statement error
SELECT PARSE_URL('example.int/hello.php?user=12#nofragment', 0)
----
100139 (22000): Error parsing URL: scheme not specified

query T
SELECT PARSE_URL('example.int/hello.php?user=12#nofragment', 1)
----
'{"error":"scheme not specified"}'