query TT
SELECT column1, PARSE_IP(column1, 'INET') FROM VALUES('192.168.242.188/24'), ('192.168.243.189/24')
----
192.168.242.188/24	'{"family":4,"host":"192.168.242.188","ip_fields":[3232297660,0,0,0],"ip_type":"inet","ipv4":3232297660,"ipv4_range_end":3232297727,"ipv4_range_start":3232297472,"netmask_prefix_length":24,"snowflake$type":"ip_address"}'
192.168.243.189/24	'{"family":4,"host":"192.168.243.189","ip_fields":[3232297917,0,0,0],"ip_type":"inet","ipv4":3232297917,"ipv4_range_end":3232297983,"ipv4_range_start":3232297728,"netmask_prefix_length":24,"snowflake$type":"ip_address"}'

query T
SELECT PARSE_IP('fe80::20c:29ff:fe2c:429/64', 'INET')
----
'{"family":6,"hex_ipv6":"FE80000000000000020C29FFFE2C0429","hex_ipv6_range_end":"FE80000000000000FFFFFFFFFFFFFFFF","hex_ipv6_range_start":"FE800000000000000000000000000000","host":"fe80::20c:29ff:fe2c:429","ip_fields":[4269801472,0,34351615,4264297513],"ip_type":"inet","netmask_prefix_length":64,"snowflake$type":"ip_address"}'

query TTT
WITH
lookup AS (
  SELECT column1 AS tag, PARSE_IP(column2, 'INET') AS obj FROM VALUES('San Francisco', '192.168.242.0/24'), ('New York', '192.168.243.0/24')
),
entries AS (
  SELECT PARSE_IP(column1, 'INET') AS ipv4 FROM VALUES('192.168.242.188/24'), ('192.168.243.189/24')
)
SELECT lookup.tag, entries.ipv4:host, entries.ipv4
FROM lookup, entries
WHERE lookup.tag = 'San Francisco'
AND entries.IPv4:ipv4 BETWEEN lookup.obj:ipv4_range_start AND lookup.obj:ipv4_range_end
----
San Francisco	"192.168.242.188"	'{"family":4,"host":"192.168.242.188","ip_fields":[3232297660,0,0,0],"ip_type":"inet","ipv4":3232297660,"ipv4_range_end":3232297727,"ipv4_range_start":3232297472,"netmask_prefix_length":24,"snowflake$type":"ip_address"}'

exclude-from-coverage
statement ok
CREATE OR REPLACE TABLE ipv6_lookup (tag String, obj VARIANT);

statement ok
INSERT INTO ipv6_lookup
    SELECT column1 AS tag, parse_ip(column2, 'INET') AS obj
    FROM VALUES('west', 'fe80:12:20c:29ff::/64'), ('east', 'fe80:12:1:29ff::/64');

exclude-from-coverage
statement ok
CREATE OR REPLACE TABLE ipv6_entries (obj VARIANT);

statement ok
INSERT INTO ipv6_entries
    SELECT parse_ip(column1, 'INET') as obj
    FROM VALUES
        ('fe80:12:20c:29ff:fe2c:430:370:2/64'),
        ('fe80:12:20c:29ff:fe2c:430:370:00F0/64'),
        ('fe80:12:20c:29ff:fe2c:430:370:0F00/64'),
        ('fe80:12:20c:29ff:fe2c:430:370:F000/64'),
        ('fe80:12:20c:29ff:fe2c:430:370:FFFF/64'),
        ('fe80:12:1:29ff:fe2c:430:370:FFFF/64'),
        ('fe80:12:1:29ff:fe2c:430:370:F000/64'),
        ('fe80:12:1:29ff:fe2c:430:370:0F00/64'),
        ('fe80:12:1:29ff:fe2c:430:370:00F0/64'),
        ('fe80:12:1:29ff:fe2c:430:370:2/64');

statement ok
SELECT lookup.tag, entries.obj:host
    FROM ipv6_lookup AS lookup, ipv6_entries AS entries
    WHERE lookup.tag = 'east'
    AND entries.obj:hex_ipv6 BETWEEN lookup.obj:hex_ipv6_range_start AND lookup.obj:hex_ipv6_range_end;

