query T
SELECT REVERSE('Hello, world!')
----
!dlrow ,olleH

exclude-from-coverage
statement ok
ALTER SESSION SET DATE_OUTPUT_FORMAT = 'YYYY-MM-DD';

query TT
SELECT '2019-05-22'::DATE, REVERSE('2019-05-22'::DATE::VARCHAR) AS reversed
----
'2019-05-22'	22-50-9102

exclude-from-coverage
statement ok
CREATE OR REPLACE TABLE strings (s1 VARCHAR COLLATE 'en', s2 VARCHAR COLLATE 'hu');

exclude-from-coverage
statement ok
INSERT INTO strings (s1, s2) VALUES ('dzsa', COLLATE('dzsa', 'hu'));

query TTTT
SELECT s1, s2, REVERSE(s1), REVERSE(s2) 
    FROM strings
----
dzsa	dzsa	aszd	aszd

