query T
SELECT REVERSE('Hello, world!')
----
!dlrow ,olleH

exclude-from-coverage
statement ok
ALTER SESSION SET DATE_OUTPUT_FORMAT = 'YYYY-MM-DD';

query TT
SELECT '2019-05-22'::DATE, REVERSE('2019-05-22'::DATE::VARCHAR) AS reversed
----
'2019-05-22'	22-50-9102

query TTTT
WITH strings AS (
  SELECT
    column1 AS s1,
    column2 AS s2
  FROM VALUES
    ('dzsa', 'dzsa')
  AS t(column1, column2)
)
SELECT s1, s2, REVERSE(s1), REVERSE(s2)
    FROM strings
----
dzsa	dzsa	aszd	aszd