query T
SELECT RIGHT('ABCDEFG', 3)
----
EFG

query TTT
WITH customer_contact_example AS (
  SELECT * FROM VALUES
    (1, 'some_text@example.com', '800-555-0100', '20210320'),
    (2, 'some_other_text@example.org', '800-555-0101', '20240509'),
    (3, 'some_different_text@example.net', '800-555-0102', '20191017')
  AS t(cust_id, cust_email, cust_phone, activation_date)
)
SELECT cust_id,
       cust_email,
       RIGHT(cust_email, LENGTH(cust_email) - (POSITION('@' IN cust_email))) AS domain
  FROM customer_contact_example
----
1	some_text@example.com	example.com
2	some_other_text@example.org	example.org
3	some_different_text@example.net	example.net

query TTT
WITH customer_contact_example AS (
  SELECT * FROM VALUES
    (1, 'some_text@example.com', '800-555-0100', '20210320'),
    (2, 'some_other_text@example.org', '800-555-0101', '20240509'),
    (3, 'some_different_text@example.net', '800-555-0102', '20191017')
  AS t(cust_id, cust_email, cust_phone, activation_date)
)
SELECT cust_id,
       cust_phone,
       RIGHT(cust_phone, 8) AS phone_without_area_code
  FROM customer_contact_example
----
1	800-555-0100	555-0100
2	800-555-0101	555-0101
3	800-555-0102	555-0102

query TTT
WITH customer_contact_example AS (
  SELECT * FROM VALUES
    (1, 'some_text@example.com', '800-555-0100', '20210320'),
    (2, 'some_other_text@example.org', '800-555-0101', '20240509'),
    (3, 'some_different_text@example.net', '800-555-0102', '20191017')
  AS t(cust_id, cust_email, cust_phone, activation_date)
)
SELECT cust_id,
       activation_date,
       RIGHT(activation_date, 2) AS day
  FROM customer_contact_example
----
1	20210320	20
2	20240509	09
3	20191017	17