query TT
WITH test_rtrim_function AS (
    SELECT * FROM VALUES ('Trailing Spaces#  ') AS t(column1)
)
SELECT CONCAT('>', CONCAT(column1, '<')) AS original_value,
       CONCAT('>', CONCAT(RTRIM(column1), '<')) AS trimmed_value
  FROM test_rtrim_function
----
>Trailing Spaces#  <	>Trailing Spaces#<

query TT
WITH test_rtrim_function AS (
    SELECT * FROM VALUES ('Trailing Spaces#  ') AS t(column1)
)
SELECT CONCAT('>', CONCAT(column1, '<')) AS original_value,
       CONCAT('>', CONCAT(RTRIM(column1, '# '), '<')) AS trimmed_value
  FROM test_rtrim_function
----
>Trailing Spaces#  <	>Trailing Spaces<