query T
SELECT SEARCH('5.1.33','32')
----
FALSE

query TT
WITH lines AS (
  SELECT * FROM VALUES
    (4,'Henry IV Part 1',1,'1.1.1','KING HENRY IV','So shaken as we are, so wan with care,')
  AS t(line_id, play, speech_num, act_scene_line, character, line)
)
SELECT SEARCH(character, 'king queen'), character
  FROM lines
  WHERE line_id=4
----
TRUE	KING HENRY IV

query TTTTTT
WITH lines AS (
  SELECT * FROM VALUES
    (100109,'Troilus and Cressida',31,'2.1.53','ACHILLES','Why, how now, Ajax! wherefore do you thus? How now,'),
    (16448,'As You Like It',2,'2.3.6','ADAM','And wherefore are you gentle, strong and valiant?'),
    (24055,'The Comedy of Errors',14,'5.1.41','AEMELIA','Be quiet, people. Wherefore throng you hither?'),
    (99330,'Troilus and Cressida',30,'1.1.102','AENEAS','How now, Prince Troilus! wherefore not afield?'),
    (92454,'The Tempest',150,'2.1.343','ALONSO','Wherefore this ghastly looking?')
  AS t(line_id, play, speech_num, act_scene_line, character, line)
)
SELECT *
  FROM lines
  WHERE SEARCH(line, 'wherefore')
  ORDER BY character LIMIT 5
----
100109	Troilus and Cressida	31	2.1.53	ACHILLES	Why, how now, Ajax! wherefore do you thus? How now,
16448	As You Like It	2	2.3.6	ADAM	And wherefore are you gentle, strong and valiant?
24055	The Comedy of Errors	14	5.1.41	AEMELIA	Be quiet, people. Wherefore throng you hither?
99330	Troilus and Cressida	30	1.1.102	AENEAS	How now, Prince Troilus! wherefore not afield?
92454	The Tempest	150	2.1.343	ALONSO	Wherefore this ghastly looking?

query TT
WITH lines AS (
  SELECT * FROM VALUES
    (15742,'All''s Well That Ends Well',114,'5.3.378','KING','Your gentle hands lend us, and take our hearts.'),
    (33522,'Hamlet',1,'2.2.1','KING CLAUDIUS','Welcome, dear Rosencrantz and Guildenstern!'),
    (33556,'Hamlet',5,'2.2.35','KING CLAUDIUS','Thanks, Rosencrantz and gentle Guildenstern.'),
    (4,'Henry IV Part 1',1,'1.1.1','KING HENRY IV','So shaken as we are, so wan with care,'),
    (13,'Henry IV Part 1',1,'1.1.10','KING HENRY IV','Which, like the meteors of a troubled heaven,'),
    (43494,'King John',1,'1.1.1','KING JOHN','Now, say, Chatillon, what would France with us?'),
    (43503,'King John',5,'1.1.10','CHATILLON','To this fair island and the territories,'),
    (49031,'King Lear',1,'1.1.1','KENT','I thought the king had more affected the Duke of'),
    (49040,'King Lear',4,'1.1.10','GLOUCESTER','so often blushed to acknowledge him, that now I am'),
    (78407,'Richard II',1,'1.1.1','KING RICHARD II','Old John of Gaunt, time-honour''d Lancaster,')
  AS t(line_id, play, speech_num, act_scene_line, character, line)
)
SELECT play, character
  FROM lines
  WHERE SEARCH((play, character), 'king')
  ORDER BY play, character LIMIT 10
----
All's Well That Ends Well	KING
Hamlet	KING CLAUDIUS
Hamlet	KING CLAUDIUS
Henry IV Part 1	KING HENRY IV
Henry IV Part 1	KING HENRY IV
King John	CHATILLON
King John	KING JOHN
King Lear	GLOUCESTER
King Lear	KENT
Richard II	KING RICHARD II

query TTTT
WITH lines AS (
  SELECT * FROM VALUES
    (75787,'Pericles',178,'1.0.21','LODOVICO','This king unto him took a fere,'),
    (78407,'Richard II',1,'1.1.1','KING RICHARD II','Old John of Gaunt, time-honour''d Lancaster,'),
    (9526,'Henry VI Part 3',1,'1.1.1','WARWICK','I wonder how the king escaped our hands.'),
    (43494,'King John',1,'1.1.1','KING JOHN','Now, say, Chatillon, what would France with us?'),
    (49031,'King Lear',1,'1.1.1','KENT','I thought the king had more affected the Duke of'),
    (4,'Henry IV Part 1',1,'1.1.1','KING HENRY IV','So shaken as we are, so wan with care,'),
    (13,'Henry IV Part 1',1,'1.1.10','KING HENRY IV','Which, like the meteors of a troubled heaven,'),
    (49040,'King Lear',4,'1.1.10','GLOUCESTER','so often blushed to acknowledge him, that now I am'),
    (28487,'Cymbeline',3,'1.1.10','First Gentleman','Is outward sorrow, though I think the king'),
    (43503,'King John',5,'1.1.10','CHATILLON','To this fair island and the territories,')
  AS t(line_id, play, speech_num, act_scene_line, character, line)
)
SELECT play, character, line, act_scene_line
  FROM lines
  WHERE SEARCH((lines.*), 'king')
  ORDER BY act_scene_line LIMIT 10
----
Pericles	LODOVICO	This king unto him took a fere,	1.0.21
Henry VI Part 3	WARWICK	I wonder how the king escaped our hands.	1.1.1
Henry IV Part 1	KING HENRY IV	So shaken as we are, so wan with care,	1.1.1
King Lear	KENT	I thought the king had more affected the Duke of	1.1.1
Richard II	KING RICHARD II	Old John of Gaunt, time-honour'd Lancaster,	1.1.1
King John	KING JOHN	Now, say, Chatillon, what would France with us?	1.1.1
King Lear	GLOUCESTER	so often blushed to acknowledge him, that now I am	1.1.10
Henry IV Part 1	KING HENRY IV	Which, like the meteors of a troubled heaven,	1.1.10
King John	CHATILLON	To this fair island and the territories,	1.1.10
Cymbeline	First Gentleman	Is outward sorrow, though I think the king	1.1.10

query TTTT
WITH lines AS (
  SELECT * FROM VALUES
    (75787,'Pericles',178,'1.0.21','LODOVICO','This king unto him took a fere,'),
    (9526,'Henry VI Part 3',1,'1.1.1','WARWICK','I wonder how the king escaped our hands.'),
    (49031,'King Lear',1,'1.1.1','KENT','I thought the king had more affected the Duke of'),
    (28487,'Cymbeline',3,'1.1.10','First Gentleman','Is outward sorrow, though I think the king')
  AS t(line_id, play, speech_num, act_scene_line, character, line)
)
SELECT play, character, line, act_scene_line
  FROM lines
  WHERE SEARCH((lines.* ILIKE '%line'), 'king')
  ORDER BY act_scene_line LIMIT 10
----
Pericles	LODOVICO	This king unto him took a fere,	1.0.21
Henry VI Part 3	WARWICK	I wonder how the king escaped our hands.	1.1.1
King Lear	KENT	I thought the king had more affected the Duke of	1.1.1
Cymbeline	First Gentleman	Is outward sorrow, though I think the king	1.1.10

query TTTT
WITH lines AS (
  SELECT * FROM VALUES
    (75787,'Pericles',178,'1.0.21','LODOVICO','This king unto him took a fere,'),
    (9526,'Henry VI Part 3',1,'1.1.1','WARWICK','I wonder how the king escaped our hands.'),
    (43494,'King John',1,'1.1.1','KING JOHN','Now, say, Chatillon, what would France with us?'),
    (49031,'King Lear',1,'1.1.1','KENT','I thought the king had more affected the Duke of'),
    (28487,'Cymbeline',3,'1.1.10','First Gentleman','Is outward sorrow, though I think the king'),
    (49040,'King Lear',4,'1.1.10','GLOUCESTER','so often blushed to acknowledge him, that now I am'),
    (43503,'King John',5,'1.1.10','CHATILLON','To this fair island and the territories,')
  AS t(line_id, play, speech_num, act_scene_line, character, line)
)
SELECT play, character, line, act_scene_line
  FROM lines
  WHERE SEARCH((lines.* EXCLUDE character), 'king')
  ORDER BY act_scene_line LIMIT 10
----
Pericles	LODOVICO	This king unto him took a fere,	1.0.21
Henry VI Part 3	WARWICK	I wonder how the king escaped our hands.	1.1.1
King John	KING JOHN	Now, say, Chatillon, what would France with us?	1.1.1
King Lear	KENT	I thought the king had more affected the Duke of	1.1.1
Cymbeline	First Gentleman	Is outward sorrow, though I think the king	1.1.10
King Lear	GLOUCESTER	so often blushed to acknowledge him, that now I am	1.1.10
King John	CHATILLON	To this fair island and the territories,	1.1.10

query TTTTTTT
WITH lines AS (
  SELECT * FROM VALUES
    (75787,'Pericles',178,'1.0.21','LODOVICO','This king unto him took a fere,'),
    (43494,'King John',1,'1.1.1','KING JOHN','Now, say, Chatillon, what would France with us?'),
    (49031,'King Lear',1,'1.1.1','KENT','I thought the king had more affected the Duke of'),
    (78407,'Richard II',1,'1.1.1','KING RICHARD II','Old John of Gaunt, time-honour''d Lancaster,'),
    (67000,'A Midsummer Night''s Dream',1,'1.1.1','THESEUS','Now, fair Hippolyta, our nuptial hour'),
    (4,'Henry IV Part 1',1,'1.1.1','KING HENRY IV','So shaken as we are, so wan with care,'),
    (12664,'All''s Well That Ends Well',1,'1.1.1','COUNTESS','In delivering my son from me, I bury a second husband.'),
    (9526,'Henry VI Part 3',1,'1.1.1','WARWICK','I wonder how the king escaped our hands.'),
    (52797,'Love''s Labour''s Lost',1,'1.1.1','FERDINAND','Let fame, that all hunt after in their lives,'),
    (28487,'Cymbeline',3,'1.1.10','First Gentleman','Is outward sorrow, though I think the king')
  AS t(line_id, play, speech_num, act_scene_line, character, line)
)
SELECT SEARCH((*), 'king') result, *
  FROM lines
  ORDER BY act_scene_line LIMIT 10
----
TRUE	75787	Pericles	178	1.0.21	LODOVICO	This king unto him took a fere,
TRUE	43494	King John	1	1.1.1	KING JOHN	Now, say, Chatillon, what would France with us?
FALSE	12664	All's Well That Ends Well	1	1.1.1	COUNTESS	In delivering my son from me, I bury a second husband.
TRUE	78407	Richard II	1	1.1.1	KING RICHARD II	Old John of Gaunt, time-honour'd Lancaster,
FALSE	52797	Love's Labour's Lost	1	1.1.1	FERDINAND	Let fame, that all hunt after in their lives,
TRUE	49031	King Lear	1	1.1.1	KENT	I thought the king had more affected the Duke of
TRUE	4	Henry IV Part 1	1	1.1.1	KING HENRY IV	So shaken as we are, so wan with care,
FALSE	67000	A Midsummer Night's Dream	1	1.1.1	THESEUS	Now, fair Hippolyta, our nuptial hour
TRUE	9526	Henry VI Part 3	1	1.1.1	WARWICK	I wonder how the king escaped our hands.
TRUE	28487	Cymbeline	3	1.1.10	First Gentleman	Is outward sorrow, though I think the king

query TTTT
WITH lines AS (
  SELECT * FROM VALUES
    (75787,'Pericles',178,'1.0.21','LODOVICO','This king unto him took a fere,'),
    (43494,'King John',1,'1.1.1','KING JOHN','Now, say, Chatillon, what would France with us?'),
    (49031,'King Lear',1,'1.1.1','KENT','I thought the king had more affected the Duke of'),
    (78407,'Richard II',1,'1.1.1','KING RICHARD II','Old John of Gaunt, time-honour''d Lancaster,'),
    (67000,'A Midsummer Night''s Dream',1,'1.1.1','THESEUS','Now, fair Hippolyta, our nuptial hour'),
    (4,'Henry IV Part 1',1,'1.1.1','KING HENRY IV','So shaken as we are, so wan with care,'),
    (12664,'All''s Well That Ends Well',1,'1.1.1','COUNTESS','In delivering my son from me, I bury a second husband.'),
    (9526,'Henry VI Part 3',1,'1.1.1','WARWICK','I wonder how the king escaped our hands.'),
    (52797,'Love''s Labour''s Lost',1,'1.1.1','FERDINAND','Let fame, that all hunt after in their lives,'),
    (28487,'Cymbeline',3,'1.1.10','First Gentleman','Is outward sorrow, though I think the king')
  AS t(line_id, play, speech_num, act_scene_line, character, line)
)
SELECT SEARCH(* ILIKE '%line', 'king') result, play, character, line
  FROM lines
  ORDER BY act_scene_line LIMIT 10
----
TRUE	Pericles	LODOVICO	This king unto him took a fere,
FALSE	King John	KING JOHN	Now, say, Chatillon, what would France with us?
FALSE	All's Well That Ends Well	COUNTESS	In delivering my son from me, I bury a second husband.
FALSE	Richard II	KING RICHARD II	Old John of Gaunt, time-honour'd Lancaster,
FALSE	Love's Labour's Lost	FERDINAND	Let fame, that all hunt after in their lives,
TRUE	King Lear	KENT	I thought the king had more affected the Duke of
FALSE	Henry IV Part 1	KING HENRY IV	So shaken as we are, so wan with care,
FALSE	A Midsummer Night's Dream	THESEUS	Now, fair Hippolyta, our nuptial hour
TRUE	Henry VI Part 3	WARWICK	I wonder how the king escaped our hands.
TRUE	Cymbeline	First Gentleman	Is outward sorrow, though I think the king

query TTTT
WITH lines AS (
  SELECT * FROM VALUES
    (75787,'Pericles',178,'1.0.21','LODOVICO','This king unto him took a fere,'),
    (43494,'King John',1,'1.1.1','KING JOHN','Now, say, Chatillon, what would France with us?'),
    (49031,'King Lear',1,'1.1.1','KENT','I thought the king had more affected the Duke of'),
    (78407,'Richard II',1,'1.1.1','KING RICHARD II','Old John of Gaunt, time-honour''d Lancaster,'),
    (67000,'A Midsummer Night''s Dream',1,'1.1.1','THESEUS','Now, fair Hippolyta, our nuptial hour'),
    (4,'Henry IV Part 1',1,'1.1.1','KING HENRY IV','So shaken as we are, so wan with care,'),
    (12664,'All''s Well That Ends Well',1,'1.1.1','COUNTESS','In delivering my son from me, I bury a second husband.'),
    (9526,'Henry VI Part 3',1,'1.1.1','WARWICK','I wonder how the king escaped our hands.'),
    (52797,'Love''s Labour''s Lost',1,'1.1.1','FERDINAND','Let fame, that all hunt after in their lives,'),
    (28487,'Cymbeline',3,'1.1.10','First Gentleman','Is outward sorrow, though I think the king')
  AS t(line_id, play, speech_num, act_scene_line, character, line)
)
SELECT SEARCH(* EXCLUDE (play, line), 'king') result, play, character, line
  FROM lines
  ORDER BY act_scene_line LIMIT 10
----
FALSE	Pericles	LODOVICO	This king unto him took a fere,
TRUE	King John	KING JOHN	Now, say, Chatillon, what would France with us?
FALSE	All's Well That Ends Well	COUNTESS	In delivering my son from me, I bury a second husband.
TRUE	Richard II	KING RICHARD II	Old John of Gaunt, time-honour'd Lancaster,
FALSE	Love's Labour's Lost	FERDINAND	Let fame, that all hunt after in their lives,
FALSE	King Lear	KENT	I thought the king had more affected the Duke of
TRUE	Henry IV Part 1	KING HENRY IV	So shaken as we are, so wan with care,
FALSE	A Midsummer Night's Dream	THESEUS	Now, fair Hippolyta, our nuptial hour
FALSE	Henry VI Part 3	WARWICK	I wonder how the king escaped our hands.
FALSE	Cymbeline	First Gentleman	Is outward sorrow, though I think the king

query TTTTTT
WITH t1 AS (
  SELECT * FROM VALUES
    (1,'Mini','Cooper'),
    (2,'Mini','Cooper S'),
    (3,'Mini','Countryman'),
    (4,'Mini','Countryman S')
  AS t(col1, col2, col3)
),
t2 AS (
  SELECT * FROM VALUES
    (1,'Mini','Cooper', 'Convertible'),
    (2,'Mini','Cooper S', 'Convertible'),
    (3,'Mini','Countryman SE','ALL4'),
    (4,'Mini','Countryman S','ALL4')
  AS t(col1, col2, col3, col4)
)
SELECT * FROM t1 JOIN t2 USING(col1)
  WHERE SEARCH((t1.*),'s all4')
----
2	Mini	Cooper S	Mini	Cooper S	Convertible
4	Mini	Countryman S	Mini	Countryman S	ALL4

query TTTTTT
WITH t1 AS (
  SELECT * FROM VALUES
    (1,'Mini','Cooper'),
    (2,'Mini','Cooper S'),
    (3,'Mini','Countryman'),
    (4,'Mini','Countryman S')
  AS t(col1, col2, col3)
),
t2 AS (
  SELECT * FROM VALUES
    (1,'Mini','Cooper', 'Convertible'),
    (2,'Mini','Cooper S', 'Convertible'),
    (3,'Mini','Countryman SE','ALL4'),
    (4,'Mini','Countryman S','ALL4')
  AS t(col1, col2, col3, col4)
)
SELECT * FROM t1 JOIN t2 USING(col1)
  WHERE SEARCH((t2.*),'s all4')
----
2	Mini	Cooper S	Mini	Cooper S	Convertible
3	Mini	Countryman	Mini	Countryman SE	ALL4
4	Mini	Countryman S	Mini	Countryman S	ALL4

query TTT
WITH t1 AS (
  SELECT * FROM VALUES
    (1,'Mini','Cooper'),
    (2,'Mini','Cooper S'),
    (3,'Mini','Countryman'),
    (4,'Mini','Countryman S')
  AS t(col1, col2, col3)
),
t2 AS (
  SELECT * FROM VALUES
    (1,'Mini','Cooper', 'Convertible'),
    (2,'Mini','Cooper S', 'Convertible'),
    (3,'Mini','Countryman SE','ALL4'),
    (4,'Mini','Countryman S','ALL4')
  AS t(col1, col2, col3, col4)
)
SELECT *
  FROM (
    SELECT col1, col2, col3 FROM t1
    UNION
    SELECT col1, col2, col3 FROM t2
    ) AS T3
  WHERE SEARCH((T3.*),'s')
----
2	Mini	Cooper S
4	Mini	Countryman S

query TT
WITH lines AS (
  SELECT * FROM VALUES
    (91998,'The Tempest',108,'1.2.500','FERDINAND','Were I but where ''tis spoken.'),
    (108464,'The Winter''s Tale',106,'1.2.500','CAMILLO','As or by oath remove or counsel shake')
  AS t(line_id, play, speech_num, act_scene_line, character, line)
)
SELECT line_id, act_scene_line FROM lines
  WHERE SEARCH(act_scene_line, '1.2.500', ANALYZER=>'NO_OP_ANALYZER')
----
91998	1.2.500
108464	1.2.500

query T
WITH lines AS (
  SELECT * FROM VALUES
    (52797,'Love''s Labour''s Lost',1,'1.1.1','FERDINAND','Let fame, that all hunt after in their lives,')
  AS t(line_id, play, speech_num, act_scene_line, character, line)
)
SELECT DISTINCT(play)
  FROM lines
  WHERE SEARCH(play, 'love''s', ANALYZER=>'UNICODE_ANALYZER')
----
Love's Labour's Lost

query T
WITH lines AS (
  SELECT * FROM VALUES
    (108464,'The Winter''s Tale',106,'1.2.500','CAMILLO','As or by oath remove or counsel shake'),
    (67000,'A Midsummer Night''s Dream',1,'1.1.1','THESEUS','Now, fair Hippolyta, our nuptial hour'),
    (52797,'Love''s Labour''s Lost',1,'1.1.1','FERDINAND','Let fame, that all hunt after in their lives,'),
    (12664,'All''s Well That Ends Well',1,'1.1.1','COUNTESS','In delivering my son from me, I bury a second husband.')
  AS t(line_id, play, speech_num, act_scene_line, character, line)
)
SELECT DISTINCT(play) FROM lines WHERE SEARCH(play, 'love''s')
----
The Winter's Tale
A Midsummer Night's Dream
Love's Labour's Lost
All's Well That Ends Well

statement error
SELECT SEARCH(line, 5) FROM lines
----
001045 (22023): SQL compilation error:
argument needs to be a string: '1'

statement error
SELECT SEARCH(line_id, 'dream') FROM lines
----
001173 (22023): SQL compilation error: error line 1 at position 7: Expected non-empty set of columns supporting full-text search.

query T
WITH lines AS (
  SELECT * FROM VALUES
    (67000,'A Midsummer Night''s Dream',1,'1.1.1','THESEUS','Now, fair Hippolyta, our nuptial hour'),
    (69296,'A Midsummer Night''s Dream',104,'5.1.428','PUCK','And Robin shall restore amends.')
  AS t(line_id, play, speech_num, act_scene_line, character, line)
)
SELECT SEARCH((line_id, play), 'dream') FROM lines
  ORDER BY play LIMIT 5
----
TRUE
TRUE

statement error
SELECT SEARCH('docs@snowflake.com', 'careers@snowflake.com', '@')
----
000939 (22023): SQL compilation error: error line 1 at position 7
too many arguments for function [SEARCH] expected 2, got 3

statement error
SELECT SEARCH(play,line,'king', ANALYZER=>'UNICODE_ANALYZER') FROM lines
----
001015 (22023): SQL compilation error:
argument 1 to function SEARCH needs to be constant, found 'LINES.LINE'

statement error
SELECT SEARCH(line, character) FROM lines
----
001015 (22023): SQL compilation error:
argument 1 to function SEARCH needs to be constant, found 'LINES.CHARACTER'

query T
SELECT SEARCH('king','KING')
----
TRUE