query T
WITH base64 AS (
  SELECT 'HELLO' AS v, BASE64_ENCODE('HELLO') AS base64_string, '127' AS garbage
)
SELECT TRY_BASE64_DECODE_STRING(BASE64_ENCODE('HELLO'))
----
HELLO

query TTTT
WITH base64 AS (
  SELECT 'HELLO' AS v, BASE64_ENCODE('HELLO') AS base64_string, '127' AS garbage
)
SELECT v, base64_string, TRY_BASE64_DECODE_STRING(base64_string), TRY_BASE64_DECODE_STRING(garbage) FROM base64
----
HELLO	SEVMTE8=	HELLO	NULL