query T
SELECT ARRAY_CONSTRUCT(10, 20, 30)
----
'[10,20,30]'

query T
SELECT ARRAY_CONSTRUCT(NULL, 'hello', 3::DOUBLE, 4, 5)
----
'[null,"hello",3.0,4,5]'

query T
SELECT ARRAY_CONSTRUCT()
----
'[]'

query TT
WITH construct_array_example AS (
    SELECT 1, ARRAY_CONSTRUCT(1, 2, 3)
    UNION ALL
    SELECT 2, ARRAY_CONSTRUCT(4, 5, 6)
    UNION ALL
    SELECT 3, ARRAY_CONSTRUCT(7, 8, 9)
)
SELECT * FROM construct_array_example;
----
1	'[1,2,3]'
2	'[4,5,6]'
3	'[7,8,9]'