query T
WITH array_append_examples AS (
  SELECT ARRAY_CONSTRUCT(1, 2, 3) AS array_column
)
SELECT ARRAY_APPEND(array_column, 4) FROM array_append_examples
----
'[1,2,3,4]'

query T
WITH array_append_examples AS (
  SELECT ARRAY_CONSTRUCT(1, 2, 3, 4) AS array_column
)
SELECT ARRAY_APPEND(array_column, 'five') FROM array_append_examples
----
'[1,2,3,4,"five"]'

query TT
WITH array_append_examples AS (
  SELECT ARRAY_CONSTRUCT(1, 2, 3, 4, 'five') AS array_column
)
SELECT array_column,
       ARRAY_CONSTRUCT(
        TYPEOF(array_column[0]),
        TYPEOF(array_column[1]),
        TYPEOF(array_column[2]),
        TYPEOF(array_column[3]),
        TYPEOF(array_column[4])) AS type
  FROM array_append_examples
----
'[1,2,3,4,"five"]'	'["INTEGER","INTEGER","INTEGER","INTEGER","VARCHAR"]'