query T
SELECT ARRAY_CONTAINS('hello'::VARIANT, ARRAY_CONSTRUCT('hello', 'hi'))
----
TRUE

query T
SELECT ARRAY_CONTAINS('hello'::VARIANT, ARRAY_CONSTRUCT('hola', 'bonjour'))
----
FALSE

query T
SELECT ARRAY_CONTAINS(NULL, ARRAY_CONSTRUCT('hola', 'bonjour'))
----
NULL

query T
SELECT ARRAY_CONTAINS(NULL, ARRAY_CONSTRUCT('hola', NULL))
----
TRUE

query TT
WITH array_example(id, array_column) AS (
    SELECT 1, ARRAY_CONSTRUCT(1, 2, 3)
    UNION ALL
    SELECT 2, ARRAY_CONSTRUCT(4, 5, 6)
)
SELECT *
FROM array_example
WHERE ARRAY_CONTAINS(5::VARIANT, array_column);
----
2	'[4,5,6]'