query T
SELECT ARRAY_REMOVE_AT(
  [2, 5, 7],
  0)
----
'[5,7]'

query T
SELECT ARRAY_REMOVE_AT(
  [2, 5, 7],
  -1)
----
'[2,5]'

query T
SELECT ARRAY_REMOVE_AT(
  [2, 5, 7],
  10)
----
'[2,5,7]'

