query T
SELECT ARRAY_FLATTEN([[1, 2, 3], [4], [5, 6]])
----
'[1,2,3,4,5,6]'

query T
SELECT ARRAY_FLATTEN([[[1, 2], [3]], [[4], [5]]])
----
'[[1,2],[3],[4],[5]]'

statement error
SELECT ARRAY_FLATTEN([[1, 2, 3], 4, [5, 6]])
----
100107 (22000): SQL compilation error: Not an array: 'Input argument to ARRAY_FLATTEN is not an array of arrays'

query T
SELECT ARRAY_FLATTEN([[1, 2, 3], NULL, [5, 6]])
----
NULL

query T
SELECT ARRAY_FLATTEN([[1, 2, 3], [NULL], [5, 6]])
----
'[1,2,3,null,5,6]'

