query T
SELECT ARRAY_INSERT(ARRAY_CONSTRUCT(0,1,2,3),2,'hello')
----
'[0,1,"hello",2,3]'

query T
SELECT ARRAY_INSERT(ARRAY_CONSTRUCT(0,1,2,3),5,'hello')
----
'[0,1,2,3,null,"hello"]'

query T
SELECT ARRAY_INSERT(ARRAY_CONSTRUCT(0,1,2,3),-1,'hello')
----
'[0,1,2,"hello",3]'

