query T
SELECT ARRAY_GENERATE_RANGE(2, 5)
----
'[2,3,4]'

query T
SELECT ARRAY_GENERATE_RANGE(5, 25, 10)
----
'[5,15]'

query T
SELECT ARRAY_GENERATE_RANGE(-5, -25, -10)
----
'[-5,-15]'

