query T
SELECT ARRAYS_TO_OBJECT(['key1', 'key2', 'key3'], [1, 2, 3])
----
'{"key1":1,"key2":2,"key3":3}'

query T
SELECT ARRAYS_TO_OBJECT(['key1', NULL, 'key3'], [1, 2, 3])
----
'{"key1":1,"key3":3}'

query T
SELECT ARRAYS_TO_OBJECT(['key1', 'key2', 'key3'], [1, NULL, 3])
----
'{"key1":1,"key2":null,"key3":3}'

