query TTT
WITH raw_data(ID, varchar1) AS (
    SELECT * FROM VALUES
        (1, '{"ValidKey1": "ValidValue1"}'),
        (2, '{"Malformed -- Missing value": null}'),
        (3, NULL)
),
sample_json_table AS (
    SELECT
        ID,
        varchar1,
        PARSE_JSON(varchar1) AS variant1
    FROM raw_data
)
SELECT
    ID,
    CHECK_JSON(varchar1) AS json_check_result,
    varchar1
FROM
    sample_json_table
ORDER BY
    ID;
----
1	NULL	'{"ValidKey1":"ValidValue1"}'
2	NULL	'{"Malformed -- Missing value":null}'
3	NULL	NULL

query TTT
WITH raw_data(ID, varchar1) AS (
    SELECT * FROM VALUES
        (1, '{"ValidKey1": "ValidValue1"}'),
        (2, '{"Malformed -- Missing value": null}'),
        (3, NULL)
),
sample_json_table AS (
    SELECT
        ID,
        varchar1,
        PARSE_JSON(varchar1) AS variant1
    FROM raw_data
)
SELECT
    ID,
    CHECK_JSON(varchar1) AS json_check_result,
    variant1
FROM
    sample_json_table
ORDER BY
    ID;
----
1	NULL	'{"ValidKey1":"ValidValue1"}'
2	NULL	'{"Malformed -- Missing value":null}'
3	NULL	NULL