query T
SELECT FILTER(
  [
    {'name':'Pat', 'value': 50},
    {'name':'Terry', 'value': 75},
    {'name':'Dana', 'value': 25}
  ],
  a -> a:value >= 50) AS "Filter >= 50"
----
'[{"name":"Pat","value":50},{"name":"Terry","value":75}]'

query T
SELECT FILTER([1, NULL, 3, 5, NULL], a -> a IS NOT NULL) AS "Not NULL Elements"
----
'[1,3,5]'

exclude-from-coverage
statement ok
CREATE OR REPLACE TABLE orders AS
  SELECT 1 AS order_id, '2024-01-01' AS order_date, [
    {'item':'UHD Monitor', 'quantity':3, 'subtotal':1500},
    {'item':'Business Printer', 'quantity':1, 'subtotal':1200}
  ] AS order_detail
  UNION SELECT 2 AS order_id, '2024-01-02' AS order_date, [
    {'item':'Laptop', 'quantity':5, 'subtotal':7500},
    {'item':'Noise-canceling Headphones', 'quantity':5, 'subtotal':1000}
  ] AS order_detail;

query TTT
SELECT order_id,
       order_date,
       FILTER(o.order_detail, i -> i:subtotal >= 1500) ORDER_DETAIL_GT_EQUAL_1500
  FROM orders o
----
2	2024-01-02	'[{"item":"Laptop","quantity":5,"subtotal":7500}]'
1	2024-01-01	'[{"item":"UHD Monitor","quantity":3,"subtotal":1500}]'

