query T
WITH vartab AS (
  SELECT PARSE_JSON('{
    "attr": [
      { "name": "Alice" },
      { "name": "Bob" }
    ]
  }') AS v
)
SELECT GET_PATH(v, 'attr[0].name') FROM vartab
----
"Alice"

query T
WITH vartab AS (
  SELECT PARSE_JSON('{
    "attr": [
      { "name": "Alice" },
      { "name": "Bob" }
    ]
  }') AS v
)
SELECT v:attr[0].name FROM vartab
----
"Alice"