query T
-- The invalid trailing comma in the array string has also been fixed.
WITH raw_data(n, json_string) AS (
    SELECT * FROM VALUES
        (1, 'null'),
        (2, NULL),
        (3, 'true'),
        (4, '-17'),
        (5, '123.12'),
        (6, '1.912e2'),
        (7, '"Om ara pa ca na dhih"'),
        (8, '[-1, 12, 289, 2188, false]'),
        (9, '{ "x" : "abc", "y" : false, "z": 10}')
),
vartab AS (
    SELECT
        n,
        PARSE_JSON(json_string) AS v
    FROM raw_data
)
SELECT COUNT(*)
FROM vartab
WHERE IS_VARCHAR(v);
----
1

query TT
WITH raw_data(n, json_string) AS (
  SELECT * FROM VALUES
    (1,'null'),
    (2,null),
    (3,'true'),
    (4,'-17'),
    (5,'123.12'),
    (6,'1.912e2'),
    (7,'"Om ara pa ca na dhih"'),
    (8,'[-1, 12, 289, 2188, false,]'),
    (9,'{ "x" : "abc", "y" : false, "z": 10} ')
),
vartab(n, value) AS (
    SELECT n, PARSE_JSON(json_string) FROM raw_data
)
SELECT * FROM vartab WHERE IS_NULL_VALUE(value)
----
1	null

query TT
WITH raw_data(n, json_string) AS (
    SELECT * FROM VALUES
        (1, 'null'),
        (2, NULL),
        (3, 'true'),
        (4, '-17'),
        (5, '123.12'),
        (6, '1.912e2'),
        (7, '"Om ara pa ca na dhih"'),
        (8, '[-1, 12, 289, 2188, false]'),
        (9, '{ "x" : "abc", "y" : false, "z": 10}')
),
vartab AS (
    SELECT
        n,
        PARSE_JSON(json_string) AS v
    FROM raw_data
)
SELECT *
FROM vartab
WHERE IS_BOOLEAN(v);
----
3	true

query TT
-- Step 1: Use VALUES with literal data only (numbers and the raw JSON strings).
-- The invalid trailing comma in the array string has also been fixed.
WITH raw_data(n, json_string) AS (
    SELECT * FROM VALUES
        (1, 'null'),
        (2, NULL),
        (3, 'true'),
        (4, '-17'),
        (5, '123.12'),
        (6, '1.912e2'),
        (7, '"Om ara pa ca na dhih"'),
        (8, '[-1, 12, 289, 2188, false]'),
        (9, '{ "x" : "abc", "y" : false, "z": 10}')
),
vartab AS (
    SELECT
        n,
        PARSE_JSON(json_string) AS v
    FROM raw_data
)
SELECT *
FROM vartab
WHERE IS_INTEGER(v);
----
4	-17

query TT
WITH raw_data(n, json_string) AS (
    SELECT * FROM VALUES
        (1, 'null'),
        (2, NULL),
        (3, 'true'),
        (4, '-17'),
        (5, '123.12'),
        (6, '1.912e2'),
        (7, '"Om ara pa ca na dhih"'),
        (8, '[-1, 12, 289, 2188, false]'),
        (9, '{ "x" : "abc", "y" : false, "z": 10}')
),
vartab AS (
    SELECT
        n,
        PARSE_JSON(json_string) AS v
    FROM raw_data
)
SELECT *
FROM vartab
WHERE IS_DECIMAL(v);
----
4	-17
5	123.12

query TT
WITH raw_data(n, json_string) AS (
    SELECT * FROM VALUES
        (1, 'null'),
        (2, NULL),
        (3, 'true'),
        (4, '-17'),
        (5, '123.12'),
        (6, '1.912e2'),
        (7, '"Om ara pa ca na dhih"'),
        (8, '[-1, 12, 289, 2188, false]'),
        (9, '{ "x" : "abc", "y" : false, "z": 10}')
),
vartab AS (
    SELECT
        n,
        PARSE_JSON(json_string) AS v
    FROM raw_data
)
SELECT *
FROM vartab
WHERE IS_DOUBLE(v);
----
4	-17
5	123.12
6	1.912000000000000e+02

query TT
WITH raw_data(n, json_string) AS (
    SELECT * FROM VALUES
        (1, 'null'),
        (2, NULL),
        (3, 'true'),
        (4, '-17'),
        (5, '123.12'),
        (6, '1.912e2'),
        (7, '"Om ara pa ca na dhih"'),
        (8, '[-1, 12, 289, 2188, false]'),
        (9, '{ "x" : "abc", "y" : false, "z": 10}')
),
vartab AS (
    SELECT
        n,
        PARSE_JSON(json_string) AS v
    FROM raw_data
)
SELECT *
FROM vartab
WHERE IS_VARCHAR(v);
----
7	"Om ara pa ca na dhih"

query TT
WITH raw_data(n, json_string) AS (
    SELECT * FROM VALUES
        (1, 'null'),
        (2, NULL),
        (3, 'true'),
        (4, '-17'),
        (5, '123.12'),
        (6, '1.912e2'),
        (7, '"Om ara pa ca na dhih"'),
        (8, '[-1, 12, 289, 2188, false]'),
        (9, '{ "x" : "abc", "y" : false, "z": 10}')
),
vartab AS (
    SELECT
        n,
        PARSE_JSON(json_string) AS v
    FROM raw_data
)
SELECT *
FROM vartab
WHERE IS_ARRAY(v);
----
8	'[-1,12,289,2188,false]'

query TT
WITH raw_data(n, json_string) AS (
    SELECT * FROM VALUES
        (1, 'null'),
        (2, NULL),
        (3, 'true'),
        (4, '-17'),
        (5, '123.12'),
        (6, '1.912e2'),
        (7, '"Om ara pa ca na dhih"'),
        (8, '[-1, 12, 289, 2188, false]'),
        (9, '{ "x" : "abc", "y" : false, "z": 10}')
),
vartab AS (
    SELECT
        n,
        PARSE_JSON(json_string) AS v
    FROM raw_data
)
SELECT *
FROM vartab
WHERE IS_OBJECT(v);
----
9	'{"x":"abc","y":false,"z":10}'