query TT
WITH vartab AS (
  SELECT column1 AS n, PARSE_JSON(column2) AS v
  FROM VALUES (1, 'null'), 
              (2, null), 
              (3, 'true'),
              (4, '-17'), 
              (5, '123.12'), 
              (6, '1.912e2'),
              (7, '"Om ara pa ca na dhih"  '), 
              (8, '[-1, 12, 289, 2188, false,]'), 
              (9, '{ "x" : "abc", "y" : false, "z": 10} ') 
)
SELECT * FROM vartab WHERE IS_OBJECT(v)
----
9	'{"x":"abc","y":false,"z":10}'

query TTT
WITH multiple_types AS (
  SELECT
    TO_VARIANT(TO_ARRAY('Example')) AS array1,
    TO_VARIANT(ARRAY_CONSTRUCT('Array-like', 'example')) AS array2,
    TO_VARIANT(TRUE) AS boolean1,
    TO_VARIANT('X') AS varchar1,
    TO_VARIANT('I am a real character') AS varchar2,
    TO_VARIANT(1.23::DECIMAL(6, 3)) AS decimal1,
    TO_VARIANT(3.21::DOUBLE) AS double1,
    TO_VARIANT(15) AS integer1,
    TO_VARIANT(TO_OBJECT(PARSE_JSON('{"Tree": "Pine"}'))) AS object1
)
SELECT IS_OBJECT(array1),
       IS_OBJECT(boolean1),
       IS_OBJECT(object1)
  FROM multiple_types
----
FALSE	FALSE	TRUE