query TT
WITH demo1 AS (
    SELECT * FROM VALUES
        (1, '{"level_1_key": "level_1_value"}'),
        (2, '{"level_1_key": {"level_2_key": "level_2_value"}}'),
        (3, '{"level_1_key": {"level_2_key": ["zero", "one", "two"]}}')
    AS demo1(id, json_data)
)
SELECT 
    TO_VARCHAR(GET_PATH(PARSE_JSON(json_data), 'level_1_key')) 
        AS OLD_WAY,
    JSON_EXTRACT_PATH_TEXT(json_data, 'level_1_key')
        AS JSON_EXTRACT_PATH_TEXT
FROM demo1
ORDER BY id
----
level_1_value	level_1_value
'{"level_2_key":"level_2_value"}'	'{"level_2_key":"level_2_value"}'
'{"level_2_key":["zero","one","two"]}'	'{"level_2_key":["zero","one","two"]}'

query TT
WITH demo1 AS (
    SELECT * FROM VALUES
        (1, '{"level_1_key": "level_1_value"}'),
        (2, '{"level_1_key": {"level_2_key": "level_2_value"}}'),
        (3, '{"level_1_key": {"level_2_key": ["zero", "one", "two"]}}')
    AS demo1(id, json_data)
)
SELECT 
    TO_VARCHAR(GET_PATH(PARSE_JSON(json_data), 'level_1_key.level_2_key'))
        AS OLD_WAY,
    JSON_EXTRACT_PATH_TEXT(json_data, 'level_1_key.level_2_key')
        AS JSON_EXTRACT_PATH_TEXT
FROM demo1
ORDER BY id
----
NULL	NULL
level_2_value	level_2_value
'["zero","one","two"]'	'["zero","one","two"]'

query TT
WITH demo1 AS (
    SELECT * FROM VALUES
        (1, '{"level_1_key": "level_1_value"}'),
        (2, '{"level_1_key": {"level_2_key": "level_2_value"}}'),
        (3, '{"level_1_key": {"level_2_key": ["zero", "one", "two"]}}')
    AS demo1(id, json_data)
)
SELECT 
    TO_VARCHAR(GET_PATH(PARSE_JSON(json_data), 'level_1_key.level_2_key[1]'))
        AS OLD_WAY,
    JSON_EXTRACT_PATH_TEXT(json_data, 'level_1_key.level_2_key[1]')
        AS JSON_EXTRACT_PATH_TEXT
FROM demo1
ORDER BY id
----
NULL	NULL
NULL	NULL
one	one
