
query TT
WITH objects_1 AS (
  SELECT
    1 AS id,
    OBJECT_CONSTRUCT('a', 1, 'b', 2, 'c', 3) AS object1,
    TO_VARIANT(OBJECT_CONSTRUCT('a', 1, 'b', 2, 'c', 3)) AS variant1
)
SELECT OBJECT_KEYS(object1), OBJECT_KEYS(variant1) 
FROM objects_1
ORDER BY id
----
'["a","b","c"]'	'["a","b","c"]'

query T
SELECT OBJECT_KEYS (
           PARSE_JSON (
               '{
                    "level_1_A": {
                                 "level_2": "two"
                                 },
                    "level_1_B": "one"
                    }'
               )
           ) AS keys
    ORDER BY 1
----
'["level_1_A","level_1_B"]'
