statement error
SELECT PARSE_JSON('{ "a" : "123", "b" : "456", "a": "789"} ')
----
100069 (22P02): Error parsing JSON: duplicate object attribute "a", pos 31

query T
WITH vartab AS (
  SELECT column1 AS n, PARSE_JSON(column2, 'd') AS v
  FROM VALUES (10, '{ "a" : "123", "b" : "456", "a": "789"} ')
  AS vals
)
SELECT v
  FROM vartab
  WHERE n = 10
----
'{"a":"789","b":"456"}'

query TTTT
SELECT TO_JSON(NULL), TO_JSON('null'::VARIANT),
       PARSE_JSON(NULL), PARSE_JSON('null')
----
NULL	"null"	NULL	null

query TTTTTT
WITH jdemo2 AS (
  SELECT '{"PI":3.14}' AS varchar1, PARSE_JSON('{"PI":3.14}') AS variant1
)
SELECT varchar1,
       PARSE_JSON(varchar1),
       variant1,
       TO_JSON(variant1),
       PARSE_JSON(varchar1) = variant1,
       TO_JSON(variant1) = varchar1
  FROM jdemo2
----
'{"PI":3.14}'	'{"PI":3.14}'	'{"PI":3.14}'	'{"PI":3.14}'	TRUE	TRUE

query TTT
SELECT TO_JSON(PARSE_JSON('{"b":1,"a":2}')),
       TO_JSON(PARSE_JSON('{"b":1,"a":2}')) = '{"b":1,"a":2}',
       TO_JSON(PARSE_JSON('{"b":1,"a":2}')) = '{"a":2,"b":1}'
----
'{"a":2,"b":1}'	FALSE	TRUE

query TTTTT
WITH jdemo3 AS (
  SELECT PARSE_JSON('{"PI":3.14}') AS variant1, TO_VARIANT('{"PI":3.14}') AS variant2
)
SELECT variant1,
       TYPEOF(variant1),
       variant2,
       TYPEOF(variant2),
       variant1 = variant2
  FROM jdemo3
----
'{"PI":3.14}'	OBJECT	"{\"PI\":3.14}"	VARCHAR	FALSE