query TTT
WITH jdemo1 AS (
  SELECT PARSE_JSON('{"food":"bard"}') AS v
)
SELECT v, v:food, TO_JSON(v) FROM jdemo1
----
'{"food":"bard"}'	"bard"	'{"food":"bard"}'

query TTTT
SELECT TO_JSON(NULL), TO_JSON('null'::VARIANT),
       PARSE_JSON(NULL), PARSE_JSON('null')
----
NULL	"null"	NULL	null

query TTTTTT
WITH jdemo2 AS (
  SELECT '{"PI":3.14}' AS varchar1, PARSE_JSON('{"PI":3.14}') AS variant1
)
SELECT varchar1,
       PARSE_JSON(varchar1),
       variant1,
       TO_JSON(variant1),
       PARSE_JSON(varchar1) = variant1,
       TO_JSON(variant1) = varchar1
  FROM jdemo2
----
'{"PI":3.14}'	'{"PI":3.14}'	'{"PI":3.14}'	'{"PI":3.14}'	TRUE	TRUE

query TTT
SELECT TO_JSON(PARSE_JSON('{"b":1,"a":2}')),
       TO_JSON(PARSE_JSON('{"b":1,"a":2}')) = '{"b":1,"a":2}',
       TO_JSON(PARSE_JSON('{"b":1,"a":2}')) = '{"a":2,"b":1}'
----
'{"a":2,"b":1}'	FALSE	TRUE