query TTT
WITH vartab AS (
  SELECT column1 AS n, PARSE_JSON(column2) AS v
  FROM VALUES (1, 'null'), 
               (2, null), 
               (3, 'true'),
               (4, '-17'), 
               (5, '123.12'), 
               (6, '1.912e2'),
               (7, '"Om ara pa ca na dhih"  '), 
               (8, '[-1, 12, 289, 2188, false,]'), 
               (9, '{ "x" : "abc", "y" : false, "z": 10} ') 
)
SELECT n, v, TYPEOF(v)
FROM vartab
ORDER BY n
----
1	null	NULL_VALUE
2	NULL	NULL
3	true	BOOLEAN
4	-17	INTEGER
5	123.12	DECIMAL
6	1.912000000000000e+02	DOUBLE
7	"Om ara pa ca na dhih"	VARCHAR
8	'[-1,12,289,2188,false,null]'	ARRAY
9	'{"x":"abc","y":false,"z":10}'	OBJECT

query TTTT
WITH typeof_cast AS (
  SELECT 'check in' AS status, '2024-01-17 19:00:00.000 -0800'::TIMESTAMP AS time
)
SELECT status,
       TYPEOF(status::VARIANT) AS "TYPE OF STATUS",
       time,
       TYPEOF(time::VARIANT) AS "TYPE OF TIME"
FROM typeof_cast
----
check in	VARCHAR	'2024-01-17T19:00:00'	TIMESTAMP_NTZ