query T
SELECT DATEDIFF(year, 
                '2020-04-09 14:39:20'::TIMESTAMP, 
                '2023-05-08 23:39:20'::TIMESTAMP) 
  AS diff_years
----
3

query T
SELECT DATEDIFF(hour, 
               '2023-05-08T23:39:20.123-07:00'::TIMESTAMP, 
               DATEADD(year, 2, ('2023-05-08T23:39:20.123-07:00')::TIMESTAMP)) 
  AS diff_hours
----
17544

query TTTTTT
SELECT column1 date_1, column2 date_2,
       DATEDIFF(year, column1, column2) diff_years,
       DATEDIFF(month, column1, column2) diff_months,
       DATEDIFF(day, column1, column2) diff_days,
       column2::DATE - column1::DATE AS diff_days_via_minus
  FROM VALUES
       ('2015-12-30', '2015-12-31'),
       ('2015-12-31', '2016-01-01'),
       ('2016-01-01', '2017-12-31'),
       ('2016-08-23', '2016-09-07')
----
2015-12-30	2015-12-31	0	0	1	1
2015-12-31	2016-01-01	1	1	1	1
2016-01-01	2017-12-31	1	23	730	730
2016-08-23	2016-09-07	0	1	15	15

exclude-from-coverage
statement ok
ALTER SESSION SET TIMESTAMP_NTZ_OUTPUT_FORMAT = 'DY, DD MON YYYY HH24:MI:SS';

query TTTTT
SELECT column1 timestamp_1, column2 timestamp_2,
       DATEDIFF(hour, column1, column2) diff_hours,
       DATEDIFF(minute, column1, column2) diff_minutes,
       DATEDIFF(second, column1, column2) diff_seconds
  FROM VALUES
       ('2016-01-01 01:59:59'::TIMESTAMP, '2016-01-01 02:00:00'::TIMESTAMP),
       ('2016-01-01 01:00:00'::TIMESTAMP, '2016-01-01 01:59:00'::TIMESTAMP),
       ('2016-01-01 01:00:59'::TIMESTAMP, '2016-01-01 02:00:00'::TIMESTAMP)
----
'2016-01-01T01:59:59'	'2016-01-01T02:00:00'	1	1	1
'2016-01-01T01:00:00'	'2016-01-01T01:59:00'	0	59	3540
'2016-01-01T01:00:59'	'2016-01-01T02:00:00'	1	60	3541

