query TT
SELECT TO_DATE('2015-05-08T23:39:20.123-07:00') AS "DATE",
       LAST_DAY("DATE") AS "LAST DAY OF MONTH"
----
'2015-05-08'	'2015-05-31'

query TT
SELECT TO_DATE('2015-05-08T23:39:20.123-07:00') AS "DATE",
       LAST_DAY("DATE", 'Y') AS "LAST DAY OF YEAR"
----
'2015-05-08'	'2015-12-31'

