exclude-from-coverage
statement ok
ALTER SESSION SET TIME_OUTPUT_FORMAT='HH24:MI:SS.FF9';

query T
select time_from_parts(12, 34, 56, 987654321)
----
'12:34:56.987654'

query TT
select time_from_parts(1, 40, 0), time_from_parts(12, 0, 12345)
----
'01:40:00'	'15:25:45'

