query TT
SELECT TO_TIME('13:30:00'), TIME('13:30:00')
----
'13:30:00'	'13:30:00'

query TT
SELECT TO_TIME('13:30:00.000'), TIME('13:30:00.000')
----
'13:30:00'	'13:30:00'

query T
SELECT TO_TIME('11.15.00', 'HH24.MI.SS')
----
'11:15:00'

exclude-from-coverage
statement ok
CREATE OR REPLACE TABLE demo1_time (
  description VARCHAR,
  value VARCHAR -- string rather than bigint
);

exclude-from-coverage
statement ok
INSERT INTO demo1_time (description, value) VALUES
  ('Seconds',      '31536001'),
  ('Milliseconds', '31536002400'),
  ('Microseconds', '31536003600000'),
  ('Nanoseconds',  '31536004900000000');

query TTTT
SELECT description,
       value,
       TO_TIMESTAMP(value),
       TO_TIME(value)
  FROM demo1_time
  ORDER BY value
----
Seconds	31536001	'1971-01-01T00:00:01'	'00:00:01'
Milliseconds	31536002400	'1971-01-01T00:00:02.400000'	'00:00:02.400000'
Microseconds	31536003600000	'1971-01-01T00:00:03.600000'	'00:00:03.600000'
Nanoseconds	31536004900000000	'1971-01-01T00:00:04.900000'	'00:00:04.900000'

