statement ok
CREATE OR REPLACE SCHEMA my_schema COMMENT='this is comment1';

query T
SELECT comment
FROM information_schema.schemata
WHERE schema_name LIKE '%MY_SCHEMA%';
----
this is comment1

statement ok
COMMENT ON SCHEMA my_schema IS 'now comment2'

query T
SELECT comment
FROM information_schema.schemata
WHERE schema_name LIKE '%MY_SCHEMA%';
----
now comment2

statement ok
CREATE OR REPLACE TABLE my_table(my_column string COMMENT 'this is comment3');

statement ok
COMMENT ON COLUMN my_table.my_column IS 'now comment4'

query TTTTTTTTTTTT
DESC TABLE my_table
----
MY_COLUMN	VARCHAR(16777216)	COLUMN	Y	NULL	N	N	NULL	NULL	now comment4	NULL	NULL

# Test adding comments to a database

statement ok
CREATE OR REPLACE DATABASE my_db COMMENT='initial database comment';

query T
SELECT comment
FROM information_schema.databases
WHERE database_name='MY_DB';
----
initial database comment