exclude-from-coverage
statement ok
CREATE OR REPLACE TABLE employee_table (
    employee_ID INTEGER,
    last_name VARCHAR,
    first_name VARCHAR,
    department_ID INTEGER
    );

exclude-from-coverage
statement ok
CREATE OR REPLACE TABLE department_table (
    department_ID INTEGER,
    department_name VARCHAR
    );

exclude-from-coverage
statement ok
INSERT INTO employee_table (employee_ID, last_name, first_name, department_ID) VALUES
    (101, 'Montgomery', 'Pat', 1),
    (102, 'Levine', 'Terry', 2),
    (103, 'Comstock', 'Dana', 2);

exclude-from-coverage
statement ok
INSERT INTO department_table (department_ID, department_name) VALUES
    (1, 'Engineering'),
    (2, 'Customer Support'),
    (3, 'Finance');

query TTTT
SELECT * FROM employee_table
----
101	Montgomery	Pat	1
102	Levine	Terry	2
103	Comstock	Dana	2

query TTTT
SELECT * FROM employee_table WHERE employee_ID = 1
----


query TTT
SELECT employee_ID, last_name, first_name FROM employee_table
----
101	Montgomery	Pat
102	Levine	Terry
103	Comstock	Dana

query TT
SELECT last_name, first_name FROM employee_table
----
Montgomery	Pat
Levine	Terry
Comstock	Dana

query TT
SELECT last_name, first_name FROM employee_table
----
Montgomery	Pat
Levine	Terry
Comstock	Dana

query TTTT
SELECT employee_ID AS id, last_name, first_name, department_ID FROM employee_table
----
101	Montgomery	Pat	1
102	Levine	Terry	2
103	Comstock	Dana	2

query TTTT
SELECT employee_ID AS id, last_name, first_name, department_ID AS department FROM employee_table
----
101	Montgomery	Pat	1
102	Levine	Terry	2
103	Comstock	Dana	2

query TTT
SELECT employee_ID AS id, last_name, department_ID AS department FROM employee_table
----
101	Montgomery	1
102	Levine	2
103	Comstock	2

query TTT
SELECT employee_ID AS id, last_name, department_ID AS department FROM employee_table
----
101	Montgomery	1
102	Levine	2
103	Comstock	2

query TTTT
SELECT employee_ID, last_name, first_name, 'DEPT-' || department_ID AS department_id FROM employee_table
----
101	Montgomery	Pat	DEPT-1
102	Levine	Terry	DEPT-2
103	Comstock	Dana	DEPT-2

query TTTT
SELECT employee_ID, last_name, first_name, 'DEPT-' || department_ID AS department FROM employee_table
----
101	Montgomery	Pat	DEPT-1
102	Levine	Terry	DEPT-2
103	Comstock	Dana	DEPT-2

query TTTT
SELECT employee_ID, last_name, first_name, 'DEPT-' || department_ID AS department_id FROM employee_table
----
101	Montgomery	Pat	DEPT-1
102	Levine	Terry	DEPT-2
103	Comstock	Dana	DEPT-2

query TTTT
SELECT
  employee_table.employee_ID,
  employee_table.last_name,
  employee_table.first_name,
  department_table.department_name AS department
FROM employee_table INNER JOIN department_table
  ON employee_table.department_ID = department_table.department_ID
ORDER BY department, last_name, first_name
----
103	Comstock	Dana	Customer Support
102	Levine	Terry	Customer Support
101	Montgomery	Pat	Engineering

query T
SELECT last_name FROM employee_table WHERE employee_ID = 101
----
Montgomery

query TTT
SELECT department_name, last_name, first_name
FROM employee_table INNER JOIN department_table
  ON employee_table.department_ID = department_table.department_ID
ORDER BY department_name, last_name, first_name
----
Customer Support	Comstock	Dana
Customer Support	Levine	Terry
Engineering	Montgomery	Pat

query T
SELECT last_name FROM employee_table ORDER BY last_name
----
Comstock
Levine
Montgomery

query T
SELECT pi() * 2.0 * 2.0 AS area_of_circle
----
12.566370614359172

exclude-from-coverage
statement ok
CREATE OR REPLACE TABLE table1 (product_id NUMBER);

exclude-from-coverage
statement ok
CREATE OR REPLACE TABLE table2 (prod_id NUMBER);

statement error
SELECT t1.product_id AS prod_id, t2.prod_id
FROM table1 AS t1 JOIN table2 AS t2
  ON t1.product_id=t2.prod_id
GROUP BY prod_id, t2.prod_id;
----
001104 (42601): SQL compilation error: error line 1 at position 7
'T1.PRODUCT_ID' in select clause is neither an aggregate nor in the group by clause.

# Test SELECT of a constant without a FROM clause

query I
SELECT 42;
----
42

# Test SELECT with an alias used in ORDER BY

exclude-from-coverage
statement ok
CREATE OR REPLACE TABLE sel_test(val INT);

exclude-from-coverage
statement ok
INSERT INTO sel_test VALUES (2),(1);

query T
SELECT val AS num
FROM sel_test
ORDER BY num;
----
1
2