query T
SELECT REGEXP_REPLACE('It was the best of times, it was the worst of times',
                      '( ){1,}',
                      '') AS result
----
Itwasthebestoftimes,itwastheworstoftimes

query T
SELECT REGEXP_REPLACE('It was the best of times, it was the worst of times',
                      'times',
                      'days',
                      1,
                      2) AS result
----
It was the best of times, it was the worst of days

query T
SELECT REGEXP_REPLACE('firstname middlename lastname',
                      '(.*) (.*) (.*)',
                      '\\\\3, \\\\1 \\\\2') AS name_sort
----
lastname, firstname middlename

query TT
WITH wildcards AS (
  SELECT * FROM VALUES
    ('\\\\', '?'),
    (NULL, 'When I am cold, I am bold.')
  AS t(w, w2)
)
SELECT w2, REGEXP_REPLACE(w2, '(.old)', 'very \\1')
  FROM wildcards
  ORDER BY w2
----
?	NULL
When I am cold, I am bold.	When I am very cold, I am very bold.