
query T
WITH rlike_ex AS (
    SELECT column1 AS city FROM VALUES
    ('Sacramento'),
    ('San Francisco'),
    ('San Jose'),
    (null)
)
SELECT * FROM rlike_ex WHERE RLIKE(city, 'san.*', 'i')
----
San Francisco
San Jose

query T
WITH rlike_ex AS (
    SELECT column1 AS city FROM VALUES
    ('Sacramento'),
    ('San Francisco'),
    ('San Jose'),
    (null)
)
SELECT * FROM rlike_ex WHERE NOT RLIKE(city, 'san.*', 'i')
----
Sacramento

query T
SELECT RLIKE('800-456-7891',
             $$[2-9]\d{2}-\d{3}-\d{4}$$) AS matches_phone_number
----
TRUE

query T
SELECT RLIKE('jsmith@email.com',
             $$\w+@[a-zA-Z_]+?\.[a-zA-Z]{2,3}$$) AS matches_email_address
----
TRUE

query T
SELECT RLIKE('800-456-7891',
             '[2-9]\\d{2}-\\d{3}-\\d{4}') AS matches_phone_number
----
TRUE

query T
SELECT RLIKE('jsmith@email.com',
             '\\w+@[a-zA-Z_]+?\\.[a-zA-Z]{2,3}') AS matches_email_address
----
TRUE

query T
SELECT RLIKE('800-456-7891',
             '[2-9][0-9]{2}-[0-9]{3}-[0-9]{4}') AS matches_phone_number
----
TRUE

query T
SELECT RLIKE('jsmith@email.com',
             '[a-zA-Z_]+@[a-zA-Z_]+?\\.[a-zA-Z]{2,3}') AS matches_email_address
----
TRUE

query T
WITH rlike_ex AS (
    SELECT column1 AS city FROM VALUES
    ('Sacramento'),
    ('San Francisco'),
    ('San Jose'),
    (null)
)
SELECT * FROM rlike_ex WHERE city RLIKE 'San.* [fF].*'
----
San Francisco
